K_ETA,K_P,K_PT,K_ENERGY,K_TRACK_P,K_TRACK_PT,K_TRACKISVELO,K_TRACKISUPSTREAM,K_TRACKISTTRACK,K_TRACKISLONG,K_TRACKISDOWNSTREAM,K_TRACKHASUT,K_TCHI2DOF,K_GHOSTPROB,K_NHITS,K_NUTHITS,K_MINIP,K_MINIPCHI2,K_CHI2DOF,K_CHI2,K_CHARGE,K_BPVIP,K_BPVIPCHI2,K_PID_PI,K_PID_K,K_PID_MU,K_PID_E,K_PID_P,K_PROBNN_K,K_PROBNN_PI,K_PROBNN_P,K_PROBNN_E,K_PROBNN_MU,K_PROBNN_GHOST,K_PROBNN_D,K_ISMUON,K_INMUON,pis_ETA,pis_P,pis_PT,pis_ENERGY,pis_TRACK_P,pis_TRACK_PT,pis_TRACKISVELO,pis_TRACKISUPSTREAM,pis_TRACKISTTRACK,pis_TRACKISLONG,pis_TRACKISDOWNSTREAM,pis_TRACKHASUT,pis_TCHI2DOF,pis_GHOSTPROB,pis_NHITS,pis_NUTHITS,pis_MINIP,pis_MINIPCHI2,pis_CHI2DOF,pis_CHI2,pis_CHARGE,pis_BPVIP,pis_BPVIPCHI2,pis_PID_PI,pis_PID_K,pis_PID_MU,pis_PID_E,pis_PID_P,pis_PROBNN_K,pis_PROBNN_PI,pis_PROBNN_P,pis_PROBNN_E,pis_PROBNN_MU,pis_PROBNN_GHOST,pis_PROBNN_D,pis_ISMUON,pis_INMUON,pi1_ETA,pi1_P,pi1_PT,pi1_ENERGY,pi1_TRACK_P,pi1_TRACK_PT,pi1_TRACKISVELO,pi1_TRACKISUPSTREAM,pi1_TRACKISTTRACK,pi1_TRACKISLONG,pi1_TRACKISDOWNSTREAM,pi1_TRACKHASUT,pi1_TCHI2DOF,pi1_GHOSTPROB,pi1_NHITS,pi1_NUTHITS,pi1_MINIP,pi1_MINIPCHI2,pi1_CHI2DOF,pi1_CHI2,pi1_CHARGE,pi1_BPVIP,pi1_BPVIPCHI2,pi1_PID_PI,pi1_PID_K,pi1_PID_MU,pi1_PID_E,pi1_PID_P,pi1_PROBNN_K,pi1_PROBNN_PI,pi1_PROBNN_P,pi1_PROBNN_E,pi1_PROBNN_MU,pi1_PROBNN_GHOST,pi1_PROBNN_D,pi1_ISMUON,pi1_INMUON,pi2_ETA,pi2_P,pi2_PT,pi2_ENERGY,pi2_TRACK_P,pi2_TRACK_PT,pi2_TRACKISVELO,pi2_TRACKISUPSTREAM,pi2_TRACKISTTRACK,pi2_TRACKISLONG,pi2_TRACKISDOWNSTREAM,pi2_TRACKHASUT,pi2_TCHI2DOF,pi2_GHOSTPROB,pi2_NHITS,pi2_NUTHITS,pi2_MINIP,pi2_MINIPCHI2,pi2_CHI2DOF,pi2_CHI2,pi2_CHARGE,pi2_BPVIP,pi2_BPVIPCHI2,pi2_PID_PI,pi2_PID_K,pi2_PID_MU,pi2_PID_E,pi2_PID_P,pi2_PROBNN_K,pi2_PROBNN_PI,pi2_PROBNN_P,pi2_PROBNN_E,pi2_PROBNN_MU,pi2_PROBNN_GHOST,pi2_PROBNN_D,pi2_ISMUON,pi2_INMUON,pi3_ETA,pi3_P,pi3_PT,pi3_ENERGY,pi3_TRACK_P,pi3_TRACK_PT,pi3_TRACKISVELO,pi3_TRACKISUPSTREAM,pi3_TRACKISTTRACK,pi3_TRACKISLONG,pi3_TRACKISDOWNSTREAM,pi3_TRACKHASUT,pi3_TCHI2DOF,pi3_GHOSTPROB,pi3_NHITS,pi3_NUTHITS,pi3_MINIP,pi3_MINIPCHI2,pi3_CHI2DOF,pi3_CHI2,pi3_CHARGE,pi3_BPVIP,pi3_BPVIPCHI2,pi3_PID_PI,pi3_PID_K,pi3_PID_MU,pi3_PID_E,pi3_PID_P,pi3_PROBNN_K,pi3_PROBNN_PI,pi3_PROBNN_P,pi3_PROBNN_E,pi3_PROBNN_MU,pi3_PROBNN_GHOST,pi3_PROBNN_D,pi3_ISMUON,pi3_INMUON,D_M,Dst_M,delta_M,D_WM_PIMPIMPIPKP,D_WM_PIMPIMKPPIP,EVENTNUMBER,RUNNUMBER,FillNumber,D_BPVFDCHI2,D_BPVIPCHI2,D_MINIPCHI2,D_CHI2,Dst_BPVFDCHI2,Dst_BPVIPCHI2,Dst_MINIPCHI2,Dst_CHI2
3.1122253,27611.738,2452.687,27616.152,27611.742,2452.6882,False,False,False,True,False,True,1.5674242973327637,0.010810494422912598,24,4,0.49788198,684.49634,1.5674242973327637,42.32045602798462,-1,0.49788198,684.49634,0.0,-90.41072,-0.58758765,-6.165065,-62.719666,0.000213658,0.9961317,0.00019452615,1.5831672e-05,0.001670227,0.002076631,,False,True,3.1476386,3862.125,331.17374,3864.6462,3862.1199,331.1762,False,False,False,True,False,True,1.9016168117523193,0.6339379549026489,21,0,0.46970809,65.24336,1.9016168117523193,45.638803482055664,1,0.46970809,65.24336,0.0,-3.7377396,-7.3405795,-9.437371,-3.7377396,0.0038863258,0.99653834,0.0004906011,3.0063832e-06,1.4180598e-07,0.76851356,,False,True,2.8628988,4849.487,551.9856,4851.495,4849.48,551.9804,False,False,False,True,False,True,1.594053030014038,0.016742289066314697,24,4,1.8871245,2317.6519,1.594053030014038,39.85132575035095,1,1.8871245,2317.6519,0.0,-18.601559,-18.388988,-11.284039,-18.601559,0.0005496591,0.9997641,0.000109712084,6.236494e-08,1.0318598e-05,0.012742945,,True,True,3.001437,4299.399,426.42325,4301.664,4299.4,426.42084,False,False,False,True,False,True,2.2944588661193848,0.2582719922065735,23,4,1.0712876,450.7958,2.2944588661193848,59.655930519104004,1,1.0712876,450.7958,0.0,4.6736565,-10.595682,-1.0892029,4.6736565,0.025013471,0.93199414,0.001515784,0.06694119,1.7105292e-07,0.68264836,,False,True,3.216005,32324.422,2589.1487,32324.723,32324.42,2589.1465,False,False,False,True,False,True,0.718513548374176,0.0002053976058959961,23,3,0.1782775,121.47306,0.718513548374176,19.399865806102753,-1,0.1782775,121.47306,0.0,-37.649105,0.021909475,-5.5294027,-16.805004,0.0008465657,0.9900045,0.0047661825,5.722013e-06,0.02148859,0.00155419,,False,True,1822.4083251957009,1968.7595214841176,146.35119628841676,2574.658,2494.8716,9115256617,308268,10218,10187.986,1159.5188,967.04755,10.99915885925293,1742.7998,1191.9277,883.68005,0.0030666894745081663
3.5187867,13015.157,770.67584,13024.517,13015.16,770.67926,False,False,False,True,False,True,1.0420918464660645,0.0012694597244262695,25,4,0.32936954,131.94261,1.0420918464660645,29.178571701049805,1,0.32936954,131.94261,0.0,-2.448532,-6.663906,-8.177039,-4.99588,0.008900051,0.9959656,0.003712857,2.6849636e-07,5.331192e-06,0.009395835,,False,True,3.6756923,5973.21,302.4146,5974.841,5973.2197,302.41312,False,False,False,True,False,True,0.9804061651229858,0.01052004098892212,27,6,0.14995624,10.685576,0.9804061651229858,30.39259111881256,-1,0.14995624,10.685576,0.0,-3.7625237,-7.6489143,-3.2383533,-3.7625237,0.0055265506,0.9967345,0.0019707012,0.0003813316,3.606089e-05,0.018267095,,False,True,3.6934536,58673.387,2918.3655,58673.55,58673.383,2918.3652,False,False,False,True,False,True,2.154323101043701,0.012563586235046387,28,4,0.03887532,8.703478,2.154323101043701,68.93833923339844,-1,0.03887532,8.703478,0.0,-11.233659,-0.30973613,-4.9485254,-26.516457,0.019447265,0.9015139,0.00063944625,0.001684272,0.010452902,0.014601367,,False,True,3.4259968,13200.261,857.49945,13200.999,13200.2705,857.5007,False,False,False,True,False,True,2.092015266418457,0.15825355052947998,24,3,0.16602504,34.977943,2.092015266418457,58.5764274597168,-1,0.16602504,34.977943,0.0,-26.853699,-17.618963,-9.23254,-26.09591,0.0011413097,0.998905,0.0005271459,1.6931698e-06,1.2562016e-05,0.14596482,,True,True,3.8204687,18020.365,789.54767,18020.906,18020.36,789.5453,False,False,False,True,False,True,0.585396409034729,0.0006432533264160156,27,4,0.12909786,16.183142,0.585396409034729,18.1472886800766,1,0.12909786,16.183142,0.0,-10.8822975,-6.2385817,-8.820304,-6.854271,0.0014845761,0.9993843,0.0074348156,5.8538967e-07,5.162881e-05,0.006219421,,False,True,1813.3590087895514,1965.8765869143922,152.51757812484084,1924.262,1532.6631,9134874295,308268,10218,233.02469,15.105579,15.105579,1.1160848140716553,29.963623,20.109888,20.109888,0.17581626772880554
3.5187867,13015.157,770.67584,13024.517,13015.16,770.67926,False,False,False,True,False,True,1.0420918464660645,0.0012694597244262695,25,4,0.32936954,131.94261,1.0420918464660645,29.178571701049805,1,0.32936954,131.94261,0.0,-2.448532,-6.663906,-8.177039,-4.99588,0.008900051,0.9959656,0.003712857,2.6849636e-07,5.331192e-06,0.009395835,,False,True,3.6756923,5973.21,302.4146,5974.841,5973.2197,302.41312,False,False,False,True,False,True,0.9804061651229858,0.01052004098892212,27,6,0.14995624,10.685576,0.9804061651229858,30.39259111881256,-1,0.14995624,10.685576,0.0,-3.7625237,-7.6489143,-3.2383533,-3.7625237,0.0055265506,0.9967345,0.0019707012,0.0003813316,3.606089e-05,0.018267095,,False,True,3.4259968,13200.261,857.49945,13200.999,13200.2705,857.5007,False,False,False,True,False,True,2.092015266418457,0.15825355052947998,24,3,0.16602504,34.977943,2.092015266418457,58.5764274597168,-1,0.16602504,34.977943,0.0,-26.853699,-17.618963,-9.23254,-26.09591,0.0011413097,0.998905,0.0005271459,1.6931698e-06,1.2562016e-05,0.14596482,,True,True,3.5750039,19601.729,1097.3253,19602.227,19601.729,1097.3292,False,False,False,True,False,True,1.5107581615447998,0.009210705757141113,24,3,0.10102569,19.331882,1.5107581615447998,39.279712200164795,-1,0.10102569,19.331882,0.0,-54.90806,-18.90563,-10.45537,-41.14096,0.00038811605,0.9998997,0.0004032583,4.100803e-10,1.7665801e-05,0.0047231773,,True,True,3.9131572,48345.22,1930.785,48345.42,48345.22,1930.7875,False,False,False,True,False,True,1.1151798963546753,0.030271828174591064,25,0,0.20789176,150.29431,1.1151798963546753,35.68575668334961,1,0.20789176,150.29431,0.0,-26.597828,-1.6533706,-6.7378235,-36.44989,0.008290425,0.9941959,0.004012975,1.6703851e-06,0.00997875,0.0136469565,,False,True,1837.7424316400898,1979.8199462895104,142.07751464942066,1666.4597,1816.4053,9134874295,308268,10218,379.4281,124.698395,124.698395,5.338998317718506,202.7135,148.20059,148.20059,0.29030841588974
3.9131572,48345.22,1930.785,48347.742,48345.22,1930.7875,False,False,False,True,False,True,1.1151798963546753,0.030271828174591064,25,0,0.20789176,150.29431,1.1151798963546753,35.68575668334961,1,0.20789176,150.29431,0.0,-26.597828,-1.6533706,-6.7378235,-36.44989,0.008290425,0.9941959,0.004012975,1.6703851e-06,0.00997875,0.0136469565,,False,True,3.6756923,5973.21,302.4146,5974.841,5973.2197,302.41312,False,False,False,True,False,True,0.9804061651229858,0.01052004098892212,27,6,0.14995624,10.685576,0.9804061651229858,30.39259111881256,-1,0.14995624,10.685576,0.0,-3.7625237,-7.6489143,-3.2383533,-3.7625237,0.0055265506,0.9967345,0.0019707012,0.0003813316,3.606089e-05,0.018267095,,False,True,3.4259968,13200.261,857.49945,13200.999,13200.2705,857.5007,False,False,False,True,False,True,2.092015266418457,0.15825355052947998,24,3,0.16602504,34.977943,2.092015266418457,58.5764274597168,-1,0.16602504,34.977943,0.0,-26.853699,-17.618963,-9.23254,-26.09591,0.0011413097,0.998905,0.0005271459,1.6931698e-06,1.2562016e-05,0.14596482,,True,True,4.242861,10153.159,291.63977,10154.119,10153.16,291.6375,False,False,False,True,False,True,0.9778173565864563,0.038192570209503174,23,3,0.1583343,5.826732,0.9778173565864563,25.423251271247864,-1,0.1583343,5.826732,0.0,-21.690979,-9.956577,-9.569731,-18.459877,0.00062128843,0.99984133,0.0011665417,1.0722958e-06,1.0962718e-07,0.014583373,,False,True,3.5187867,13015.157,770.67584,13015.905,13015.16,770.67926,False,False,False,True,False,True,1.0420918464660645,0.0012694597244262695,25,4,0.32936954,131.94261,1.0420918464660645,29.178571701049805,1,0.32936954,131.94261,0.0,-2.448532,-6.663906,-8.177039,-4.99588,0.008900051,0.9959656,0.003712857,2.6849636e-07,5.331192e-06,0.009395835,,False,True,1845.020019530927,1994.0527343747608,149.0327148438339,2221.639,2122.278,9134874295,308268,10218,330.80243,114.04716,114.04716,32.42241668701172,138.41235,118.35057,118.35057,0.021413002163171768
3.3534656,24366.928,1701.6298,24371.928,24366.93,1701.6318,False,False,False,True,False,True,0.8479364514350891,0.0003910660743713379,26,4,0.32296547,341.99664,0.8479364514350891,26.286029994487762,1,0.32296547,341.99664,0.0,-17.679771,0.31475192,-5.5489993,3.168499,0.0036394896,0.98869216,0.0533469,2.1001099e-05,0.040492155,0.0037159494,,False,True,3.1333177,3913.9138,340.4349,3916.4016,3913.9102,340.43427,False,False,False,True,False,True,1.519402265548706,0.023669838905334473,24,4,0.0800216,2.173857,1.519402265548706,39.50445890426636,-1,0.0800216,2.173857,0.0,5.799055,2.9587617,-4.231636,5.799055,0.10548806,0.9574326,0.005131449,0.00074319984,0.00036118343,0.11526787,,False,True,3.1670127,3912.042,329.03586,3914.5308,3912.04,329.03836,False,False,False,True,False,True,1.9152376651763916,0.10079485177993774,23,4,0.12479641,5.4745684,1.9152376651763916,45.9657039642334,-1,0.12479641,5.4745684,0.0,8.33017,-8.815345,-2.7297072,8.33017,0.14375952,0.9230682,0.007921649,0.038999826,3.3469803e-07,0.47419012,,False,True,3.0018735,12115.597,1201.1294,12116.4,12115.59,1201.1332,False,False,False,True,False,True,1.1379092931747437,0.005557358264923096,22,3,0.7177264,589.0567,1.1379092931747437,28.44773232936859,-1,0.7177264,589.0567,0.0,25.268066,2.9116054,-6.2998457,20.476543,0.9544647,0.04673877,0.031393386,1.1579755e-06,6.3109714e-05,0.026802102,,False,True,2.8948889,9710.098,1070.6642,9711.101,9710.1,1070.6602,False,False,False,True,False,True,1.5341970920562744,0.0018031001091003418,24,4,0.4650776,403.1763,1.5341970920562744,42.957518577575684,1,0.4650776,403.1763,0.0,-13.685848,-9.234708,-10.940474,-14.275417,0.0013699834,0.99947715,0.0004654085,1.8590505e-07,3.8574164e-08,0.010376767,,False,True,1893.029907226716,2035.0504150390295,142.02050781231355,2016.8252,2449.6204,9586655724,308268,10218,1790.6412,1.5726398,1.5726398,17.434011459350586,1.9124413,0.76575875,0.76575875,1.6898695230484009
3.4099774,15132.681,998.854,15140.731,15132.689,998.85815,False,False,False,True,False,True,0.670159101486206,0.20946663618087769,21,0,0.10720863,17.855682,0.670159101486206,17.424136638641357,1,0.10720863,17.855682,0.0,-12.603611,-5.810605,-9.04749,-6.3792343,0.0019228262,0.9990567,0.0019134964,6.8892376e-07,2.5299545e-05,0.17506829,,False,True,3.215448,4952.802,396.93768,4954.768,4952.8,396.933,False,False,False,True,False,True,1.8017644882202148,0.05972778797149658,25,4,0.016561318,0.1672894,1.8017644882202148,52.25117015838623,-1,0.016561318,0.1672894,0.0,8.948681,-8.478923,-3.127461,8.948681,0.18545958,0.95118165,0.0061973734,0.0036290772,2.0475545e-06,0.3335078,,False,True,2.9971294,4581.3135,456.33234,4583.439,4581.32,456.33224,False,False,False,True,False,True,1.0437829494476318,0.003300011157989502,24,4,0.29294333,48.091736,1.0437829494476318,26.094573736190796,-1,0.29294333,48.091736,0.0,-1.7185745,-8.998152,-8.206528,-1.7185745,0.010289999,0.99505824,0.0028094705,4.235192e-06,3.372761e-07,0.011051441,,False,True,3.1832795,10430.237,863.16583,10431.171,10430.24,863.165,False,False,False,True,False,True,1.3591586351394653,0.00867551565170288,26,3,0.134282,28.414402,1.3591586351394653,43.49307632446289,-1,0.134282,28.414402,0.0,7.1445847,-4.8055034,-8.522029,6.5763817,0.06016499,0.9702029,0.013364451,2.469506e-09,1.8372646e-05,0.04007371,,False,True,3.1018274,46808.133,4201.144,46808.34,46808.133,4201.141,False,False,False,True,False,True,1.0866878032684326,0.00018721818923950195,25,4,0.1422566,111.34784,1.0866878032684326,31.513946294784546,1,0.1422566,111.34784,0.0,50.79464,-0.17884189,-6.611237,-14.4760895,0.99999964,3.63509e-06,9.494048e-09,7.966201e-10,9.81547e-12,0.001319723,,False,True,1812.477416991986,1956.5632324219816,144.0858154299956,2017.5232,2484.4863,8712003850,308268,10218,317.44467,6.25591,6.25591,2.1023640632629395,6.193381,6.1845546,6.1845546,0.0934365838766098
3.0793068,6122.1343,561.93896,6142.0063,6122.1396,561.9415,False,False,False,True,False,True,1.2853896617889404,0.0036169886589050293,25,3,0.3448678,113.56762,1.2853896617889404,39.84707951545715,-1,0.3448678,113.56762,0.0,-3.4998207,-9.20759,-6.8148265,-3.4998207,0.0073429206,0.9950209,0.0021423928,6.498153e-06,6.4841555e-07,0.015596583,,False,True,3.1504025,3003.843,256.86804,3007.0837,3003.84,256.86392,False,False,False,True,False,True,1.273410439491272,0.08142280578613281,27,5,0.015163684,0.04945748,1.273410439491272,39.47572362422943,1,0.015163684,0.04945748,0.0,2.409525,6.817938,-6.857593,2.409525,0.022350522,0.901948,0.003967818,1.1994304e-05,0.4631337,0.1424785,,False,False,3.3542764,9393.847,655.4771,9394.884,9393.85,655.4754,False,False,False,True,False,True,1.1855415105819702,0.0018795132637023926,27,4,0.16778293,21.810778,1.1855415105819702,37.93732833862305,1,0.16778293,21.810778,0.0,-30.894165,-9.8698015,-0.42816633,-31.03215,0.0010855803,0.9950368,0.00034920944,0.000790865,1.6897255e-06,0.017401919,,False,True,2.979681,12139.058,1230.3114,12139.86,12139.06,1230.312,False,False,False,True,False,True,1.1009160280227661,0.0006211400032043457,25,4,0.1772704,55.68497,1.1009160280227661,33.02748084068298,1,0.1772704,55.68497,0.0,-45.833538,-8.70962,-10.032328,-40.238075,0.0011892385,0.9994651,0.0016385288,8.463678e-09,3.4351103e-07,0.0028078684,,False,True,3.0038743,23406.312,2315.8765,23406.727,23406.309,2315.8748,False,False,False,True,False,True,1.265788197517395,0.00018286705017089844,26,4,0.09086662,23.893486,1.265788197517395,37.97364592552185,-1,0.09086662,23.893486,0.0,61.529526,-0.008025885,-5.1908216,38.207924,0.9999501,2.3176117e-05,0.00015071777,6.448836e-09,2.8096707e-09,0.0036467197,,False,True,1802.2718505860325,1951.6481933592377,149.37634277320512,1524.7925,1612.4318,10994079166,308268,10218,269.47922,2.4151196,2.4151196,0.5140419006347656,2.610527,2.197381,2.197381,0.09906791150569916
3.4552805,13647.42,861.0453,13656.346,13647.42,861.04913,False,False,False,True,False,True,1.4107270240783691,0.003734767436981201,27,4,0.23078887,34.964794,1.4107270240783691,46.55399179458618,-1,0.23078887,34.964794,0.0,-23.174164,-19.277239,-9.594305,-19.360481,0.0012982517,0.9989351,0.00067192427,1.1934591e-06,2.2454753e-05,0.007206621,,True,True,3.8921828,4618.9033,188.37764,4621.011,4618.9097,188.3792,False,False,False,True,False,True,0.9821932911872864,0.008266210556030273,30,4,0.029848661,0.12955667,0.9821932911872864,37.32334506511688,1,0.029848661,0.12955667,0.0,-7.531555,-5.462888,-7.507189,-7.531555,0.0026247762,0.9987758,0.002247114,2.9547257e-06,0.00051734527,0.009787246,,False,True,3.7487562,28989.59,1364.4695,28989.926,28989.59,1364.468,False,False,False,True,False,True,2.0301661491394043,0.037375807762145996,28,4,0.15005812,23.32918,2.0301661491394043,69.02564907073975,1,0.15005812,23.32918,0.0,21.898941,-4.4588723,-5.6969776,39.516205,0.47369412,0.24079753,0.8370848,8.080242e-05,2.057795e-06,0.29575393,,False,True,3.5871856,12568.546,695.0988,12569.32,12568.55,695.0958,False,False,False,True,False,True,1.3639634847640991,0.0036046504974365234,28,3,0.529707,100.65212,1.3639634847640991,49.10268545150757,1,0.529707,100.65212,0.0,15.895554,-7.630159,-5.879126,14.308411,0.6242601,0.51288617,0.071198896,0.0052581495,8.937454e-07,0.104205236,,False,True,4.2099333,18396.738,546.125,18397.268,18396.74,546.12164,False,False,False,True,False,True,1.639918565750122,0.011937499046325684,28,4,0.15399906,13.382674,1.639918565750122,50.837475538253784,-1,0.15399906,13.382674,0.0,7.270565,-3.3991585,3.6999123,14.46096,0.004215814,0.013695618,0.009060368,0.9972859,0.0012370307,0.26627052,,True,True,1842.8011474611599,1993.1940917972188,150.39294433605892,1834.4961,1619.2443,11329996909,308268,10218,216.4785,30.882416,30.882416,25.086545944213867,30.513073,28.523434,28.523434,4.03959321975708
3.4476361,22064.244,1402.7234,22069.766,22064.24,1402.7233,False,False,False,True,False,True,1.3547576665878296,0.0014374852180480957,28,4,0.065278485,7.3740854,1.3547576665878296,44.70700299739838,-1,0.065278485,7.3740854,0.0,4.6884956,-1.4454569,-3.9954524,9.397018,0.06657456,0.2716397,0.12496367,0.09438222,0.78781605,0.051017813,,True,True,3.63,8888.438,471.00638,8889.534,8888.44,471.0032,False,False,False,True,False,True,1.0275888442993164,0.0038200020790100098,29,5,0.053171095,1.9003421,1.0275888442993164,35.965609550476074,1,0.053171095,1.9003421,0.0,-19.82341,-19.104856,-6.773442,-19.82341,0.00057833066,0.9995843,0.00016236992,1.2086395e-05,0.00025466757,0.0102398675,,True,True,3.8296084,23763.299,1031.7062,23763.707,23763.299,1031.702,False,False,False,True,False,True,1.4433629512786865,0.0024749040603637695,29,4,0.17495869,37.509228,1.4433629512786865,53.4044291973114,1,0.17495869,37.509228,0.0,-10.684967,-15.725571,-2.6913152,2.1895447,0.007433777,0.8935543,0.005798901,0.089461446,0.003381222,0.02529186,,True,True,3.8795784,23521.85,971.47955,23522.264,23521.85,971.48254,False,False,False,True,False,True,1.0227049589157104,0.002331554889678955,29,3,0.15403952,27.66292,1.0227049589157104,36.817378520965576,1,0.15403952,27.66292,0.0,-19.86905,-18.388067,-6.012928,-12.871468,0.0020349803,0.99372876,0.0020489278,0.0020363,0.0005739564,0.0035179309,,True,True,3.5479722,20029.854,1151.9684,20030.34,20029.85,1151.9642,False,False,False,True,False,True,2.3017654418945312,0.01240473985671997,27,3,0.10040722,15.572036,2.3017654418945312,75.95825958251953,-1,0.10040722,15.572036,0.0,-28.75299,-4.2623744,-4.8076544,-28.094864,0.0066972016,0.9943261,0.0018935911,0.001629615,0.00035162765,0.018539146,,False,True,1828.5667724611617,1975.4692382811897,146.90246582002806,1806.0875,1803.6763,13222482266,308268,10218,82.371346,14.675983,14.675983,15.926855087280273,15.787857,12.702384,12.702384,2.378413200378418
3.5479722,20029.854,1151.9684,20035.938,20029.85,1151.9642,False,False,False,True,False,True,2.3017654418945312,0.01240473985671997,27,3,0.10040722,15.572036,2.3017654418945312,75.95825958251953,-1,0.10040722,15.572036,0.0,-28.75299,-4.2623744,-4.8076544,-28.094864,0.0066972016,0.9943261,0.0018935911,0.001629615,0.00035162765,0.018539146,,False,True,3.63,8888.438,471.00638,8889.534,8888.44,471.0032,False,False,False,True,False,True,1.0275888442993164,0.0038200020790100098,29,5,0.053171095,1.9003421,1.0275888442993164,35.965609550476074,1,0.053171095,1.9003421,0.0,-19.82341,-19.104856,-6.773442,-19.82341,0.00057833066,0.9995843,0.00016236992,1.2086395e-05,0.00025466757,0.0102398675,,True,True,3.8296084,23763.299,1031.7062,23763.707,23763.299,1031.702,False,False,False,True,False,True,1.4433629512786865,0.0024749040603637695,29,4,0.17495869,37.509228,1.4433629512786865,53.4044291973114,1,0.17495869,37.509228,0.0,-10.684967,-15.725571,-2.6913152,2.1895447,0.007433777,0.8935543,0.005798901,0.089461446,0.003381222,0.02529186,,True,True,3.8795784,23521.85,971.47955,23522.264,23521.85,971.48254,False,False,False,True,False,True,1.0227049589157104,0.002331554889678955,29,3,0.15403952,27.66292,1.0227049589157104,36.817378520965576,1,0.15403952,27.66292,0.0,-19.86905,-18.388067,-6.012928,-12.871468,0.0020349803,0.99372876,0.0020489278,0.0020363,0.0005739564,0.0035179309,,True,True,3.4476361,22064.244,1402.7234,22064.686,22064.24,1402.7233,False,False,False,True,False,True,1.3547576665878296,0.0014374852180480957,28,4,0.065278485,7.3740854,1.3547576665878296,44.70700299739838,-1,0.065278485,7.3740854,0.0,4.6884956,-1.4454569,-3.9954524,9.397018,0.06657456,0.2716397,0.12496367,0.09438222,0.78781605,0.051017813,,True,True,1853.6237792967304,2000.9764404296839,147.35266113295347,1806.0875,1803.6763,13222482266,308268,10218,82.371346,14.675983,14.675983,15.926855087280273,15.787857,12.702384,12.702384,2.378413200378418
4.864545,99999.125,1542.9161,100000.34,99999.13,1542.9204,False,False,False,True,False,True,0.8056491017341614,0.0009849071502685547,21,4,0.19791451,42.147556,0.8056491017341614,16.112982034683228,1,0.19791451,42.147556,0.0,5.81711,0.055072222,-0.09947797,2.2873302,0.8183016,0.10371644,0.21275167,0.07214881,0.08331629,0.012892734,,False,False,4.615234,22886.605,453.09088,22887.031,22886.6,453.08926,False,False,False,True,False,True,0.6479789018630981,0.017687618732452393,20,3,0.10585893,2.8575382,0.6479789018630981,12.959578037261963,-1,0.10585893,2.8575382,0.0,1.3060322,-4.4621654,-6.4093976,8.127064,0.08803566,0.9628039,0.2166315,6.9317043e-06,1.22257325e-05,0.05130112,,False,True,4.2937865,52821.49,1441.9498,52821.668,52821.48,1441.9503,False,False,False,True,False,True,0.8109414577484131,0.0013761520385742188,23,4,0.18011707,57.887466,0.8109414577484131,20.273536443710327,-1,0.18011707,57.887466,0.0,-4.357971,-1.1270933,-4.814933,7.4172516,0.022907427,0.5781944,0.7276277,9.384366e-05,0.0028442517,0.03448123,,False,True,4.235865,22598.045,653.66583,22598.477,22598.041,653.6701,False,False,False,True,False,True,1.815051555633545,0.09731888771057129,23,4,0.17594168,29.267815,1.815051555633545,47.19134044647217,-1,0.17594168,29.267815,0.0,-30.093563,-5.7217054,-8.751197,-5.8112984,0.001794363,0.9977141,0.0019561653,2.2299565e-07,3.9465398e-05,0.07281914,,False,True,4.479797,89649.82,2032.2272,89649.92,89649.82,2032.2251,False,False,False,True,False,True,1.2483662366867065,0.0005902647972106934,22,4,0.0702087,10.792612,1.2483662366867065,28.71242344379425,1,0.0702087,10.792612,0.0,-8.347286,0.04902819,0.02227214,-23.330576,0.022320919,0.6238921,0.0010593594,0.6113493,0.19146518,0.0122183785,,False,True,1860.0662841799399,2005.1618652303175,145.09558105037763,4986.253,4834.4365,8471576963,308398,10223,177.1715,1.5391148,1.5391148,6.027746677398682,2.1811447,0.7331673,0.7331673,2.309028148651123
3.524581,37689.945,2218.8875,37693.176,37689.938,2218.8916,False,False,False,True,False,True,1.143509864807129,0.00010967254638671875,28,4,0.15234007,78.72024,1.143509864807129,40.02284526824951,1,0.15234007,78.72024,0.0,-14.454308,-1.4941397,-3.5302653,-13.524792,0.010980622,0.97218335,0.0057553975,0.0003673523,0.0033715,0.005071273,,False,True,3.6485445,8723.45,453.78772,8724.567,8723.45,453.79044,False,False,False,True,False,True,1.3839280605316162,0.011115729808807373,26,3,0.07430954,3.2686076,1.3839280605316162,45.669625997543335,-1,0.07430954,3.2686076,0.0,18.43113,-3.9803846,-7.811527,18.43113,0.73285455,0.6033533,0.06065434,2.4983926e-09,1.8458893e-05,0.10364863,,False,True,3.8634763,24357.203,1022.30225,24357.604,24357.209,1022.306,False,False,False,True,False,True,1.6188100576400757,0.001737833023071289,29,4,0.20622666,68.57226,1.6188100576400757,61.514782190322876,-1,0.20622666,68.57226,0.0,-12.477832,1.3969542,-4.408735,-2.2529402,0.009763339,0.9755814,0.0065361564,0.047325134,0.00047869544,0.009471344,,False,True,3.4270692,5260.3667,341.35266,5262.2183,5260.37,341.3505,False,False,False,True,False,True,1.125717282295227,0.006571769714355469,23,4,0.26986223,5.7771983,1.125717282295227,28.142932057380676,-1,0.26986223,5.7771983,0.0,8.789959,3.7956896,5.730384,8.789959,0.0013790582,0.0020518713,0.00039558476,0.9979856,0.00047589323,0.13960324,,False,True,3.2555573,13688.09,1053.993,13688.801,13688.091,1053.9891,False,False,False,True,False,True,1.2229766845703125,0.00489652156829834,26,3,0.23011991,83.44328,1.2229766845703125,37.91227722167969,1,0.23011991,83.44328,0.0,25.708633,-3.772034,-4.8489995,26.542465,0.93933684,0.09373384,0.10847376,4.963033e-06,2.963966e-07,0.049809232,,False,True,1851.7021484372424,2003.8526611329874,152.15051269574496,2529.822,1923.4635,9128030225,308398,10223,258.03427,4.7567105,4.7567105,26.87864875793457,9.720159,2.557755,2.557755,0.8520885705947876
3.524581,37689.945,2218.8875,37693.176,37689.938,2218.8916,False,False,False,True,False,True,1.143509864807129,0.00010967254638671875,28,4,0.15234007,78.72024,1.143509864807129,40.02284526824951,1,0.15234007,78.72024,0.0,-14.454308,-1.4941397,-3.5302653,-13.524792,0.010980622,0.97218335,0.0057553975,0.0003673523,0.0033715,0.005071273,,False,True,3.6638641,8709.837,446.2055,8710.955,8709.841,446.2016,False,False,False,True,False,True,1.4838775396347046,0.6004533171653748,24,0,0.075984076,3.5776734,1.4838775396347046,44.51632618904114,-1,0.075984076,3.5776734,0.0,26.053268,4.694358,-6.7939262,26.053268,0.4952459,0.5453504,0.03335142,5.8499072e-09,1.3673705e-05,0.92299473,,False,True,3.8634763,24357.203,1022.30225,24357.604,24357.209,1022.306,False,False,False,True,False,True,1.6188100576400757,0.001737833023071289,29,4,0.20622666,68.57226,1.6188100576400757,61.514782190322876,-1,0.20622666,68.57226,0.0,-12.477832,1.3969542,-4.408735,-2.2529402,0.009763339,0.9755814,0.0065361564,0.047325134,0.00047869544,0.009471344,,False,True,3.4270692,5260.3667,341.35266,5262.2183,5260.37,341.3505,False,False,False,True,False,True,1.125717282295227,0.006571769714355469,23,4,0.26986223,5.7771983,1.125717282295227,28.142932057380676,-1,0.26986223,5.7771983,0.0,8.789959,3.7956896,5.730384,8.789959,0.0013790582,0.0020518713,0.00039558476,0.9979856,0.00047589323,0.13960324,,False,True,3.2555573,13688.09,1053.993,13688.801,13688.091,1053.9891,False,False,False,True,False,True,1.2229766845703125,0.00489652156829834,26,3,0.23011991,83.44328,1.2229766845703125,37.91227722167969,1,0.23011991,83.44328,0.0,25.708633,-3.772034,-4.8489995,26.542465,0.93933684,0.09373384,0.10847376,4.963033e-06,2.963966e-07,0.049809232,,False,True,1851.7021484372424,2002.3718261719791,150.66967773473675,2529.822,1923.4635,9128030225,308398,10223,258.03427,4.7567105,4.7567105,26.87864875793457,478.8545,70.3125,70.3125,2.7642107009887695
3.4124773,9118.105,600.356,9131.461,9118.101,600.3541,False,False,False,True,False,True,1.1901586055755615,0.0032640695571899414,26,4,0.2990801,71.01174,1.1901586055755615,35.704758167266846,-1,0.2990801,71.01174,0.0,2.3672104,-5.947363,-9.086035,2.3672104,0.041126557,0.9769992,0.0032002025,8.443667e-07,1.6190781e-05,0.01946037,,False,True,3.0720925,3246.0615,300.0961,3249.0608,3246.06,300.09253,False,False,False,True,False,True,1.3772809505462646,0.020612239837646484,24,4,0.058765456,1.0712645,1.3772809505462646,35.80930471420288,1,0.058765456,1.0712645,0.0,2.9840431,-13.46129,-2.0680962,2.9840431,0.027763058,0.9808003,0.0024665513,0.07332727,0.00038652087,0.09852725,,True,True,2.9533865,17115.094,1780.572,17115.662,17115.09,1780.5728,False,False,False,True,False,True,1.6447231769561768,0.002195417881011963,25,4,0.21929213,121.009186,1.6447231769561768,47.696972131729126,1,0.21929213,121.009186,0.0,32.955524,-2.6532714,-6.0151362,36.100445,0.9859103,0.012475489,0.09668674,1.812138e-08,1.4184718e-06,0.10219078,,False,True,3.0687268,4288.017,397.75443,4290.2886,4288.02,397.75922,False,False,False,True,False,True,2.6039798259735107,0.23724937438964844,24,4,1.089948,632.7303,2.6039798259735107,67.70347547531128,1,1.089948,632.7303,0.0,0.12867355,-6.0662913,-8.186177,0.12867355,0.019073913,0.986494,0.0013837485,2.2001552e-07,1.2565747e-06,0.31385902,,False,True,3.1365464,17569.822,1523.33,17570.377,17569.82,1523.3284,False,False,False,True,False,True,1.4655526876449585,0.0010199546813964844,25,4,0.077595964,15.6496935,1.4655526876449585,42.501027941703796,-1,0.077595964,15.6496935,0.0,-14.644207,-6.131016,-5.921958,-3.8431854,0.004493256,0.9959859,0.004822164,7.102481e-05,1.8634908e-05,0.009709439,,False,True,1878.1914062498731,2020.367187500118,142.17578125024488,2195.7922,1716.1072,9167253738,308398,10223,1269.5844,139.84132,139.84132,11.929868698120117,135.28275,136.63043,136.63043,7.193960189819336
4.3002853,20992.713,569.3657,20998.518,20992.71,569.3658,False,False,False,True,False,True,1.4668605327606201,0.009194254875183105,26,4,0.3332306,53.18618,1.4668605327606201,45.472676515579224,1,0.3332306,53.18618,0.0,-0.33182526,0.8847139,-4.56815,6.945261,0.06983824,0.86465853,0.42232448,3.3423563e-05,0.0037770309,0.06685653,,False,True,4.4764028,15048.714,342.29214,15049.36,15048.71,342.28827,False,False,False,True,False,True,1.224399209022522,0.033951401710510254,26,4,0.12385844,4.6162095,1.224399209022522,35.50757706165314,-1,0.12385844,4.6162095,0.0,-12.733427,-0.4700361,-5.535893,-12.733427,0.0036792755,0.99605465,0.0014654804,2.914284e-05,0.00052002183,0.019819738,,False,True,4.527548,98045.65,2118.953,98045.74,98045.65,2118.9497,False,False,False,True,False,True,1.0411334037780762,0.00016033649444580078,26,4,0.12994972,59.53958,1.0411334037780762,32.27513551712036,-1,0.12994972,59.53958,0.0,1.0393276,-0.029541222,-0.03814068,-4.7513466,0.6928729,0.16489367,0.053985614,0.29017267,0.10055952,0.028397191,,False,True,4.1657567,17883.662,554.89124,17884.205,17883.66,554.88654,False,False,False,True,False,True,1.580631136894226,0.011213481426239014,27,3,0.39894983,93.06622,1.580631136894226,52.16082751750946,-1,0.39894983,93.06622,0.0,-5.3696322,2.604846,-4.3997927,-1.4529986,0.06640038,0.9898689,0.012733812,7.2776755e-05,0.0047512166,0.017489912,,False,True,4.088333,9352.837,313.52228,9353.878,9352.83,313.52124,False,False,False,True,False,True,1.5939061641693115,0.050817251205444336,27,4,0.55145437,64.0214,1.5939061641693115,54.19280958175659,1,0.55145437,64.0214,0.0,2.1283264,-1.2991734,-9.048108,2.0120394,0.045651548,0.982184,0.00992065,2.5402756e-05,0.00058091065,0.11202795,,False,True,1860.0443115257729,2007.489868165098,147.4455566393251,1974.1692,1549.9368,9167237792,308398,10223,348.81787,21.019476,21.019476,2.369981050491333,55.277588,14.114433,14.114433,1.4653809070587158
3.6049101,27279.85,1482.242,27284.314,27279.85,1482.242,False,False,False,True,False,True,0.7059308886528015,0.00020140409469604492,28,3,0.06332947,8.27025,0.7059308886528015,25.413511991500854,-1,0.06332947,8.27025,0.0,-25.10287,2.6794076,-0.5114521,-11.699147,0.0023984127,0.46938744,0.0077799154,0.35652602,0.40235427,0.0028268392,,False,False,3.6139004,5189.349,279.44302,5191.226,5189.35,279.44724,False,False,False,True,False,True,1.2947460412979126,0.03639626502990723,28,4,0.16441226,6.2289762,1.2947460412979126,44.02136540412903,1,0.16441226,6.2289762,0.0,-2.4700966,-8.424647,-1.5310838,-2.4700966,0.0078078,0.9838553,0.0013119864,0.0075465157,4.5118653e-05,0.06577227,,False,True,3.668127,8742.772,445.9872,8743.887,8742.77,445.9883,False,False,False,True,False,True,1.4101591110229492,0.056822776794433594,25,4,0.18664362,23.612852,1.4101591110229492,42.30477333068848,1,0.18664362,23.612852,0.0,-1.5233727,-8.647458,-3.4851353,-1.5233727,0.009055984,0.9971453,0.0019358378,0.0007566016,1.8596735e-07,0.07600002,,False,True,4.085719,9405.755,316.12332,9406.789,9405.761,316.12793,False,False,False,True,False,True,1.6229207515716553,0.06869524717330933,24,3,0.3282685,23.186047,1.6229207515716553,45.44178104400635,1,0.3282685,23.186047,0.0,18.290707,4.378917,-4.521574,17.574114,0.45590317,0.8433424,0.021713402,0.001049217,0.004170462,0.254007,,False,True,3.6029174,10808.981,588.469,10809.882,10808.9795,588.4662,False,False,False,True,False,True,0.9387946724891663,0.0007963180541992188,27,4,0.23460717,47.891758,0.9387946724891663,31.919018864631653,-1,0.23460717,47.891758,0.0,-24.397713,-18.487991,-6.8058443,-25.98841,0.0010647897,0.9990183,0.00021433229,7.431386e-06,0.00020427088,0.005505755,,True,True,1857.4208984375,2010.8544921875,153.43359375,2064.31,2088.659,10819343484,308398,10223,87.33689,22.007717,22.007717,20.951213836669922,25.499163,22.268654,22.268654,3.700056314468384
3.6049101,27279.85,1482.242,27284.314,27279.85,1482.242,False,False,False,True,False,True,0.7059308886528015,0.00020140409469604492,28,3,0.06332947,8.27025,0.7059308886528015,25.413511991500854,-1,0.06332947,8.27025,0.0,-25.10287,2.6794076,-0.5114521,-11.699147,0.0023984127,0.46938744,0.0077799154,0.35652602,0.40235427,0.0028268392,,False,False,3.6139004,5189.349,279.44302,5191.226,5189.35,279.44724,False,False,False,True,False,True,1.2947460412979126,0.03639626502990723,28,4,0.16441226,6.2289762,1.2947460412979126,44.02136540412903,1,0.16441226,6.2289762,0.0,-2.4700966,-8.424647,-1.5310838,-2.4700966,0.0078078,0.9838553,0.0013119864,0.0075465157,4.5118653e-05,0.06577227,,False,True,3.5543988,11254.781,643.15375,11255.646,11254.78,643.1502,False,False,False,True,False,True,1.0421503782272339,0.003956317901611328,26,3,0.08410626,6.4907556,1.0421503782272339,32.30666172504425,1,0.08410626,6.4907556,0.0,16.188084,-6.2864547,-5.5461097,26.638123,0.25621653,0.33420286,0.728646,1.9580828e-08,1.7820348e-06,0.1157252,,False,True,4.085719,9405.755,316.12332,9406.789,9405.761,316.12793,False,False,False,True,False,True,1.6229207515716553,0.06869524717330933,24,3,0.3282685,23.186047,1.6229207515716553,45.44178104400635,1,0.3282685,23.186047,0.0,18.290707,4.378917,-4.521574,17.574114,0.45590317,0.8433424,0.021713402,0.001049217,0.004170462,0.254007,,False,True,3.6029174,10808.981,588.469,10809.882,10808.9795,588.4662,False,False,False,True,False,True,0.9387946724891663,0.0007963180541992188,27,4,0.23460717,47.891758,0.9387946724891663,31.919018864631653,-1,0.23460717,47.891758,0.0,-24.397713,-18.487991,-6.8058443,-25.98841,0.0010647897,0.9990183,0.00021433229,7.431386e-06,0.00020427088,0.005505755,,True,True,1865.3480224611571,2013.563354492243,148.21533203108584,2081.2305,2025.375,10819343484,308398,10223,70.40585,13.43084,13.43084,19.439193725585938,16.581318,14.6269,14.6269,3.689455509185791
3.6049101,27279.85,1482.242,27284.314,27279.85,1482.242,False,False,False,True,False,True,0.7059308886528015,0.00020140409469604492,28,3,0.06332947,8.27025,0.7059308886528015,25.413511991500854,-1,0.06332947,8.27025,0.0,-25.10287,2.6794076,-0.5114521,-11.699147,0.0023984127,0.46938744,0.0077799154,0.35652602,0.40235427,0.0028268392,,False,False,4.0760903,5340.936,181.24084,5342.7593,5340.9297,181.23697,False,False,False,True,False,True,1.4505951404571533,0.0281827449798584,22,3,0.095846005,0.8582269,1.4505951404571533,36.26487851142883,1,0.095846005,0.8582269,0.0,0.62687683,-3.0892851,-7.382117,0.62687683,0.031568844,0.99126726,0.0032662223,3.1316068e-07,5.313416e-06,0.05395377,,False,True,3.6139004,5189.349,279.44302,5191.226,5189.35,279.44724,False,False,False,True,False,True,1.2947460412979126,0.03639626502990723,28,4,0.16441226,6.2289762,1.2947460412979126,44.02136540412903,1,0.16441226,6.2289762,0.0,-2.4700966,-8.424647,-1.5310838,-2.4700966,0.0078078,0.9838553,0.0013119864,0.0075465157,4.5118653e-05,0.06577227,,False,True,4.085719,9405.755,316.12332,9406.789,9405.761,316.12793,False,False,False,True,False,True,1.6229207515716553,0.06869524717330933,24,3,0.3282685,23.186047,1.6229207515716553,45.44178104400635,1,0.3282685,23.186047,0.0,18.290707,4.378917,-4.521574,17.574114,0.45590317,0.8433424,0.021713402,0.001049217,0.004170462,0.254007,,False,True,3.4485621,10124.122,643.0437,10125.084,10124.12,643.04553,False,False,False,True,False,True,1.3316359519958496,0.004243075847625732,26,4,0.21703205,37.32148,1.3316359519958496,41.28071451187134,-1,0.21703205,37.32148,0.0,14.533951,-17.46015,-6.8355947,13.6881895,0.7440473,0.3327244,0.043417413,1.1601614e-08,0.0002589757,0.048744995,,True,True,1807.283691406184,1959.5388183593598,152.2551269531757,2015.619,2250.6035,10819343484,308398,10223,71.83493,8.037406,8.037406,8.958122253417969,8.014685,8.133662,8.133662,0.028134804219007492
3.8718138,9010.429,375.039,9023.942,9010.43,375.03897,False,False,False,True,False,True,1.875916600227356,0.12917935848236084,27,5,0.15733325,11.301561,1.875916600227356,54.40158140659332,1,0.15733325,11.301561,0.0,13.04567,-15.884737,-4.366183,13.04567,0.39024925,0.8959252,0.025206322,3.0352168e-05,3.3315864e-05,0.54683274,,True,True,3.5922146,5112.246,281.3148,5114.151,5112.24,281.31805,False,False,False,True,False,True,1.3716790676116943,0.010549366474151611,26,4,0.13975498,3.9713194,1.3716790676116943,43.89373016357422,-1,0.13975498,3.9713194,0.0,-9.814564,-12.176512,-10.241798,-9.814564,0.0021464517,0.99804866,0.00044064532,8.023817e-08,0.00011481764,0.011736221,,True,True,3.0658967,3299.0945,306.8845,3302.0454,3299.0898,306.88632,False,False,False,True,False,True,2.1857588291168213,0.46014171838760376,25,4,0.723462,59.541695,2.1857588291168213,54.64397072792053,-1,0.723462,59.541695,0.0,-7.9251213,-5.6899624,-8.832455,-7.9251213,0.0040453873,0.9972166,0.0003305786,1.9996367e-08,3.229373e-07,0.47035366,,False,True,3.6282892,5105.7783,271.0217,5107.6855,5105.7705,271.01666,False,False,False,True,False,True,2.029218912124634,0.10357338190078735,26,3,0.3400789,23.16746,2.029218912124634,60.876567363739014,-1,0.3400789,23.16746,0.0,1.4794502,-7.683086,-9.199325,1.4794502,0.027018815,0.9829452,0.002093678,4.1120977e-08,0.0014917144,0.17164348,,True,True,3.4404857,35191.73,2253.312,35192.01,35191.727,2253.3096,False,False,False,True,False,True,0.9707661271095276,4.464387893676758e-05,29,7,0.038863882,5.3266525,0.9707661271095276,33.976814448833466,1,0.038863882,5.3266525,0.0,41.21962,-0.0010892153,-2.1148565,8.901939,0.99992424,0.00018322656,3.2136297e-05,8.041915e-06,9.655396e-08,0.00448374,,False,True,1851.2718505859013,1996.5361328125,145.26428222659865,2107.0244,2385.4492,10829156372,308398,10223,81.1064,28.662228,28.662228,25.88803482055664,20.128235,19.006912,19.006912,3.5176656246185303
3.1575286,32863.637,2790.3867,32867.344,32863.64,2790.3904,False,False,False,True,False,True,1.0746655464172363,7.176399230957031e-05,25,4,0.21043245,161.07103,1.0746655464172363,31.165300846099854,-1,0.21043245,161.07103,0.0,90.16894,-3.2329721,-5.447756,25.154427,1.0,8.155016e-08,3.0613068e-09,1.3465601e-10,1.446076e-13,0.00031681466,,False,True,3.1644702,8579.114,723.41296,8580.25,8579.12,723.41486,False,False,False,True,False,True,0.8734291195869446,0.0025388598442077637,26,5,0.09917017,8.589818,0.8734291195869446,26.202873587608337,1,0.09917017,8.589818,0.0,-47.656403,-6.8232937,-11.025164,-47.656403,0.00080150354,0.99945045,0.0009501402,1.4133845e-09,9.321434e-06,0.0016198551,,False,True,3.3329935,30204.12,2152.8042,30204.441,30204.12,2152.807,False,False,False,True,False,True,1.2807438373565674,0.0010826587677001953,27,4,0.18719189,120.44126,1.2807438373565674,42.264546632766724,1,0.18719189,120.44126,0.0,-41.078445,-2.3178182,-5.2708974,-4.008957,0.00029105242,0.91989225,0.007563295,0.0003029292,0.00028757384,0.004719855,,False,True,3.166797,17165.742,1444.1027,17166.309,17165.74,1444.0983,False,False,False,True,False,True,1.836846947669983,0.015446722507476807,26,4,0.16919139,55.73941,1.836846947669983,56.94225537776947,1,0.16919139,55.73941,0.0,11.838486,-6.6179852,-5.8850503,25.174156,0.21028262,0.8145229,0.19670652,1.0392878e-06,4.2672433e-05,0.20434703,,False,True,3.1414225,17071.191,1472.9337,17071.764,17071.19,1472.9358,False,False,False,True,False,True,0.9948739409446716,0.0005913972854614258,25,4,0.25660917,182.38199,0.9948739409446716,27.856470346450806,-1,0.25660917,182.38199,0.0,-52.696533,-6.5103035,-10.415431,-44.99608,0.0010099803,0.9994066,0.0037522896,1.2313013e-09,2.7185033e-05,0.0022546595,,False,True,1864.2867431636428,2011.0250244139106,146.73828125026785,2102.5242,1967.6748,10878230580,308398,10223,746.42725,0.187335,0.187335,9.3438720703125,4.247673,0.48567128,0.48567128,5.655633449554443
