K_ETA,K_P,K_PT,K_ENERGY,K_TRACK_P,K_TRACK_PT,K_TCHI2DOF,K_GHOSTPROB,K_NHITS,K_NUTHITS,K_MINIP,K_MINIPCHI2,K_CHI2DOF,K_CHI2,K_CHARGE,K_BPVIP,K_BPVIPCHI2,K_PID_K,K_PID_MU,K_PID_E,K_PID_P,K_PROBNN_K,K_PROBNN_PI,K_PROBNN_P,K_PROBNN_E,K_PROBNN_MU,K_PROBNN_GHOST,K_ISMUON,K_INMUON,pis_ETA,pis_P,pis_PT,pis_ENERGY,pis_TRACK_P,pis_TRACK_PT,pis_TCHI2DOF,pis_GHOSTPROB,pis_NHITS,pis_NUTHITS,pis_MINIP,pis_MINIPCHI2,pis_CHI2DOF,pis_CHI2,pis_CHARGE,pis_BPVIP,pis_BPVIPCHI2,pis_PID_K,pis_PID_MU,pis_PID_E,pis_PID_P,pis_PROBNN_K,pis_PROBNN_PI,pis_PROBNN_P,pis_PROBNN_E,pis_PROBNN_MU,pis_PROBNN_GHOST,pis_ISMUON,pis_INMUON,pi1_ETA,pi1_P,pi1_PT,pi1_ENERGY,pi1_TRACK_P,pi1_TRACK_PT,pi1_TCHI2DOF,pi1_GHOSTPROB,pi1_NHITS,pi1_NUTHITS,pi1_MINIP,pi1_MINIPCHI2,pi1_CHI2DOF,pi1_CHI2,pi1_CHARGE,pi1_BPVIP,pi1_BPVIPCHI2,pi1_PID_K,pi1_PID_MU,pi1_PID_E,pi1_PID_P,pi1_PROBNN_K,pi1_PROBNN_PI,pi1_PROBNN_P,pi1_PROBNN_E,pi1_PROBNN_MU,pi1_PROBNN_GHOST,pi1_ISMUON,pi1_INMUON,pi2_ETA,pi2_P,pi2_PT,pi2_ENERGY,pi2_TRACK_P,pi2_TRACK_PT,pi2_TCHI2DOF,pi2_GHOSTPROB,pi2_NHITS,pi2_NUTHITS,pi2_MINIP,pi2_MINIPCHI2,pi2_CHI2DOF,pi2_CHI2,pi2_CHARGE,pi2_BPVIP,pi2_BPVIPCHI2,pi2_PID_K,pi2_PID_MU,pi2_PID_E,pi2_PID_P,pi2_PROBNN_K,pi2_PROBNN_PI,pi2_PROBNN_P,pi2_PROBNN_E,pi2_PROBNN_MU,pi2_PROBNN_GHOST,pi2_ISMUON,pi2_INMUON,pi3_ETA,pi3_P,pi3_PT,pi3_ENERGY,pi3_TRACK_P,pi3_TRACK_PT,pi3_TCHI2DOF,pi3_GHOSTPROB,pi3_NHITS,pi3_NUTHITS,pi3_MINIP,pi3_MINIPCHI2,pi3_CHI2DOF,pi3_CHI2,pi3_CHARGE,pi3_BPVIP,pi3_BPVIPCHI2,pi3_PID_K,pi3_PID_MU,pi3_PID_E,pi3_PID_P,pi3_PROBNN_K,pi3_PROBNN_PI,pi3_PROBNN_P,pi3_PROBNN_E,pi3_PROBNN_MU,pi3_PROBNN_GHOST,pi3_ISMUON,pi3_INMUON,D_M,Dst_M,delta_M,EVENTNUMBER,RUNNUMBER,D_BPVFDCHI2,D_BPVIPCHI2,D_MINIPCHI2,D_CHI2,Dst_BPVFDCHI2,Dst_BPVIPCHI2,Dst_MINIPCHI2,Dst_CHI2,og_index,sig,sig_int
2.9541120529174805,10707.30859375,1113.1375732421875,10718.68359375,10707.3095703125,1113.1416015625,1.1037192344665527,0.002463698387145996,26,4,0.6499641537666321,625.4434204101562,1.1037192344665527,34.215296268463135,1,0.6499641537666321,626.438232421875,21.14739990234375,-3.5171403884887695,-6.8185133934021,20.474853515625,0.9500132203102112,0.06238861754536629,0.07650857418775558,1.428156883775955e-05,1.1704942437518184e-07,0.030254213139414787,False,True,2.905380964279175,2553.8701171875,278.6761474609375,2557.680908203125,2553.8701171875,278.67340087890625,1.7677096128463745,0.6928306221961975,23,0,0.0712839812040329,1.8732798099517822,1.7677096128463745,51.26357877254486,-1,0.0712839812040329,1.8732798099517822,0.0,-0.19518820941448212,-5.507100582122803,0.0,0.027819423004984856,0.9657291173934937,0.003382473485544324,0.011363260447978973,0.00010661764827091247,0.923438549041748,False,False,3.2297606468200684,4786.552734375,378.17626953125,4788.58740234375,4786.55029296875,378.1804504394531,1.0640360116958618,0.0026445388793945312,26,4,0.7152324914932251,263.6116638183594,1.0640360116958618,32.985116362571716,-1,0.7152324914932251,263.6116638183594,-0.5884628295898438,-9.398280143737793,-7.156047344207764,-0.5884628295898438,0.009535393677651882,0.9935651421546936,0.002216387540102005,8.759898628341034e-05,2.729636889853282e-07,0.014528135769069195,False,True,2.7978363037109375,5891.89794921875,715.4365234375,5893.55078125,5891.89990234375,715.437255859375,1.7970911264419556,0.01870352029800415,26,4,0.30772683024406433,97.48908233642578,1.7970911264419556,50.318551540374756,-1,0.30772683024406433,97.48908233642578,-13.224735260009766,-20.788835525512695,-8.060144424438477,-13.224735260009766,0.0010844593634828925,0.9993100166320801,0.0004154751659370959,1.0487367944733705e-05,6.500059680547565e-05,0.021256905049085617,True,True,2.8990283012390137,22212.486328125,2439.14501953125,22212.92578125,22212.490234375,2439.142578125,1.8388797044754028,0.0032972097396850586,27,4,0.5037363767623901,701.1280517578125,1.8388797044754028,57.00527083873749,1,0.5037363767623901,998.2908325195312,-94.32624816894531,-4.678459644317627,-8.988390922546387,-59.20832824707031,9.414010855834931e-05,0.9988940358161926,0.0006753180059604347,1.903545054915412e-08,0.00012198575859656557,0.004411707632243633,False,True,1862.4306640625,2007.958862304565,145.52819824206495,905325.0,23323492,3416.01171875,0.4774853587150574,0.4774853587150574,2.2032504081726074,2.549053192138672,0.852597177028656,0.852597177028656,0.05572209134697914,0,True,1
2.8776462078094482,16176.1435546875,1814.4537353515625,16183.67578125,16176.1396484375,1814.45361328125,0.802909791469574,0.00010013580322265625,26,4,0.2763194739818573,200.50904846191406,0.802909791469574,24.890203535556793,-1,0.2763194739818573,200.50904846191406,84.10639953613281,-3.4193248748779297,-4.017655372619629,61.6368293762207,0.9998747706413269,3.127278205283801e-07,0.0007302360609173775,5.012441572915804e-10,1.4456018847253116e-12,0.0006787330494262278,False,True,3.029588460922241,3316.117919921875,319.8162536621094,3319.053955078125,3316.1201171875,319.8174743652344,0.6636995673179626,0.008453071117401123,25,4,0.0480097196996212,1.0252729654312134,0.6636995673179626,18.583587884902954,1,0.0480097196996212,1.0252729654312134,-5.754064559936523,-9.016352653503418,-9.708683967590332,-5.754064559936523,0.0023876253981143236,0.9993423819541931,0.005133272614330053,1.5061235671964823e-06,4.198223280127422e-07,0.007155568804591894,False,True,3.4210259914398193,4410.017578125,287.9014892578125,4412.2255859375,4410.009765625,287.8996276855469,0.7173365950584412,0.004158735275268555,26,4,0.3724686801433563,34.74633026123047,0.7173365950584412,21.520097851753235,1,0.3724686801433563,34.74633026123047,-31.114437103271484,-9.856179237365723,-9.705358505249023,-31.114437103271484,0.0009142013732343912,0.9994146823883057,0.0014697931474074721,2.4079406557575567e-07,8.042187715773252e-08,0.002747489372268319,False,True,2.8530545234680176,5884.09912109375,676.3304443359375,5885.75390625,5884.10009765625,676.3294067382812,0.7708552479743958,0.000851750373840332,25,4,0.1995377242565155,36.44095230102539,0.7708552479743958,21.58394694328308,1,0.1995377242565155,36.44095230102539,-20.97772979736328,-7.508752346038818,-10.400533676147461,-20.97772979736328,0.0009130166145041585,0.9996433854103088,0.001141815446317196,1.0106752768024307e-07,2.9549521514127264e-06,0.004101008642464876,False,True,2.8567612171173096,7662.51220703125,877.5114135742188,7663.783203125,7662.51025390625,877.513427734375,0.7718772888183594,0.0003643035888671875,26,4,0.5684705376625061,400.08514404296875,0.7718772888183594,23.92819595336914,-1,0.5684705376625061,400.08514404296875,-30.851879119873047,-8.997883796691895,-9.194974899291992,-30.851879119873047,0.0009026488405652344,0.9993818402290344,0.0015253507299348712,2.9873137918912107e-07,2.721978376030165e-07,0.002723854733631015,False,True,1866.418701171923,2011.8352050781102,145.41650390618724,923281.0,23323575,868.8709106445312,0.8508818745613098,0.8508818745613098,7.990536689758301,1.1615476608276367,0.8112450838088989,0.8112450838088989,0.6457536220550537,3,True,1
3.1102237701416016,12988.580078125,1156.0531005859375,12997.9580078125,12988.580078125,1156.055419921875,1.339369773864746,0.0017925500869750977,30,4,0.27587512135505676,173.03981018066406,1.339369773864746,52.2354211807251,-1,0.27587512135505676,173.03981018066406,49.69039535522461,0.5654540061950684,-3.3248307704925537,36.11595916748047,0.9995899200439453,0.000204055366339162,0.0018837513634935021,3.819099219981581e-05,1.2150429995472223e-08,0.00832441821694374,False,True,3.1709022521972656,4453.408203125,373.12152099609375,4455.5947265625,4453.41015625,373.124755859375,1.1188721656799316,0.0017633438110351562,30,4,0.09557439386844635,3.3676795959472656,1.1188721656799316,42.5171422958374,1,0.09557439386844635,3.3676795959472656,-5.504911422729492,-9.070489883422852,-5.635469913482666,-5.504911422729492,0.004391921684145927,0.9975351095199585,0.0018345755524933338,0.00031494375434704125,1.8045971046376508e-06,0.011066654697060585,False,True,3.0825252532958984,27880.029296875,2550.84912109375,27880.37890625,27880.029296875,2550.84521484375,0.8283568024635315,3.6597251892089844e-05,28,4,0.11831303685903549,46.75373840332031,0.8283568024635315,30.649201691150665,1,0.11831303685903549,46.75373840332031,-53.393558502197266,-1.295971155166626,-5.14162015914917,-36.73078536987305,0.0013427229132503271,0.991572916507721,0.0027328107971698046,0.0003510455135256052,0.002893150085583329,0.0007442483329214156,False,True,3.336045026779175,14978.5537109375,1064.350830078125,14979.203125,14978.560546875,1064.3477783203125,1.0976223945617676,0.12194454669952393,25,0,0.22422108054161072,61.866294860839844,1.0976223945617676,34.026294231414795,1,0.22422108054161072,61.866294860839844,-35.06494140625,-2.395134925842285,-2.016576051712036,-29.32488441467285,0.0043443781323730946,0.9939419031143188,0.0008398045902140439,0.003939701709896326,8.910775068216026e-05,0.11713546514511108,False,True,3.3104405403137207,3927.840087890625,286.3288879394531,3930.319091796875,3927.840087890625,286.32781982421875,1.2371248006820679,0.0019686222076416016,29,4,0.4374096095561981,58.582672119140625,1.2371248006820679,44.53649282455444,-1,0.4374096095561981,58.582672119140625,-4.507295608520508,-18.281835556030273,-8.13497257232666,-4.507295608520508,0.005232487339526415,0.9941069483757019,0.0007246395107358694,4.045845969358197e-07,3.0385301215574145e-05,0.010466765612363815,True,True,1865.3779296875,2012.0280761718602,146.65014648436022,992525.0,23323896,422.8484191894531,1.193110466003418,1.193110466003418,8.664178848266602,5.7156982421875,0.31555095314979553,0.31555095314979553,0.13709144294261932,4,True,1
3.1057610511779785,23394.126953125,2091.478515625,23399.337890625,23394.12890625,2091.4794921875,0.9041741490364075,0.0001424551010131836,27,4,0.1669543981552124,110.8809585571289,0.9041741490364075,27.125224471092224,1,0.1669543981552124,110.8809585571289,62.202430725097656,-2.7741966247558594,-4.452624320983887,31.853527069091797,0.999977171421051,1.6359857909264974e-05,4.4287677155807614e-05,6.377414507596768e-08,5.332431718407804e-11,0.0016092024743556976,False,True,3.2263169288635254,3374.892822265625,267.55865478515625,3377.77734375,3374.89013671875,267.56048583984375,0.5814101696014404,0.011711418628692627,28,4,0.08825072646141052,3.211289167404175,0.5814101696014404,19.767945766448975,-1,0.08825072646141052,3.211289167404175,1.6980552673339844,-6.963662147521973,-7.1514105796813965,1.6980552673339844,0.019266381859779358,0.9887256026268005,0.063182033598423,2.233078339486383e-05,2.9605109830299625e-06,0.022340845316648483,False,True,3.1187338829040527,3885.561279296875,342.9161376953125,3888.0673828125,3885.559814453125,342.91650390625,1.6220216751098633,0.011200010776519775,27,4,0.14310237765312195,10.288915634155273,1.6220216751098633,48.6606502532959,-1,0.14310237765312195,10.288915634155273,-3.969320297241211,-4.979471206665039,-9.047293663024902,-3.969320297241211,0.006684866268187761,0.997426450252533,0.001150917261838913,2.3763402623444563e-07,4.835226354771294e-05,0.01643425039947033,False,True,4.137705326080322,17327.57421875,552.9097900390625,17328.13671875,17327.5703125,552.9071044921875,1.4522899389266968,0.005909144878387451,27,4,0.2347245216369629,35.52204132080078,1.4522899389266968,43.5686981678009,-1,0.2347245216369629,35.52204132080078,-13.45480728149414,-3.7773008346557617,-6.918208599090576,1.7750778198242188,0.007234345655888319,0.9940277338027954,0.005204441491514444,0.0009048880892805755,4.8147743655135855e-05,0.011145099066197872,False,True,3.1830973625183105,7005.49853515625,579.8511962890625,7006.888671875,7005.48974609375,579.8524780273438,1.0385652780532837,0.0021448135375976562,27,4,0.1770978718996048,34.183101654052734,1.0385652780532837,34.27265417575836,1,0.1770978718996048,34.183101654052734,-28.50402069091797,-9.995532989501953,-10.623065948486328,-28.50402069091797,0.000977800227701664,0.999409019947052,0.0011013293405994773,1.0094068159105518e-07,2.4343840721030574e-08,0.003960699774324894,False,True,1860.900390625,2007.4499511718602,146.54956054686022,327585.0,23320817,215.2376708984375,1.0685540437698364,1.0685540437698364,6.937772274017334,3.194049835205078,1.9070088863372803,1.9070088863372803,1.2070674896240234,5,True,1
3.877690315246582,13187.0947265625,545.66796875,13196.33203125,13187.1005859375,545.67236328125,1.1134535074234009,0.0026235580444335938,30,5,0.0963139533996582,5.354501247406006,1.1134535074234009,42.31123328208923,-1,0.0963139533996582,5.354501247406006,34.701087951660156,-1.910679817199707,-5.0267653465271,29.224111557006836,0.9926876425743103,0.0038743126206099987,0.022751584649086,3.897815986420028e-06,3.284332450448346e-08,0.023779524490237236,False,True,3.4560317993164062,5093.64306640625,321.1311340332031,5095.5546875,5093.650390625,321.1310729980469,1.4348338842391968,0.05063682794570923,28,4,0.022571805864572525,0.2163986712694168,1.4348338842391968,50.21918594837189,1,0.022571805864572525,0.2163986712694168,-8.915481567382812,-13.9633150100708,-10.990617752075195,-8.915481567382812,0.0019078772747889161,0.9993136525154114,0.0002799149660859257,8.066324852507023e-08,3.053975524380803e-05,0.03409119322896004,True,True,3.177873373031616,16875.775390625,1404.115478515625,16876.3515625,16875.779296875,1404.10986328125,1.1111923456192017,0.0028862953186035156,27,4,0.13736802339553833,45.19701385498047,1.1111923456192017,34.44696271419525,1,0.13736802339553833,45.19701385498047,-41.148773193359375,-5.165830612182617,-5.454468727111816,-32.73591613769531,0.0016506542451679707,0.997981607913971,0.002553482074290514,4.208086829748936e-05,2.2209367671166547e-05,0.004944566637277603,False,True,3.3094961643218994,19040.09375,1389.281494140625,19040.603515625,19040.08984375,1389.283203125,1.278299331665039,0.0008431673049926758,27,4,0.12155166268348694,28.337682723999023,1.278299331665039,42.18387794494629,1,0.12155166268348694,28.337682723999023,0.3103790283203125,2.684025526046753,-4.3509721755981445,5.8585405349731445,0.07762891054153442,0.3268955945968628,0.828493595123291,0.00015038748097140342,0.005942561663687229,0.03926707059144974,False,True,3.783033609390259,14831.658203125,674.5947265625,14832.31640625,14831.6591796875,674.5888671875,0.8085121512413025,0.0006854534149169922,28,4,0.15861940383911133,21.160125732421875,0.8085121512413025,29.10643744468689,-1,0.15861940383911133,21.160125732421875,-68.0942611694336,-8.287189483642578,-9.619059562683105,-53.95569610595703,0.000418947747675702,0.9995640516281128,0.0025467148516327143,8.031019405052575e-09,1.131155272560136e-06,0.0008729645633138716,False,True,1863.6956787107736,2008.6749267573935,144.9792480466199,324910.0,23320805,104.1289291381836,9.722378730773926,9.722378730773926,5.993956089019775,9.790115356445312,8.106876373291016,8.106876373291016,0.007035709451884031,6,True,1
2.995664119720459,33227.71875,3314.561767578125,33231.390625,33227.71875,3314.564697265625,1.1355838775634766,0.0001748800277709961,27,4,0.06557780504226685,20.625219345092773,1.1355838775634766,35.20310020446777,1,0.06557780504226685,20.625219345092773,94.49497985839844,1.2237743139266968,-5.42222261428833,12.248626708984375,1.0,1.982759556540259e-08,3.984104712806413e-11,4.053407728823316e-14,3.8315856563941875e-13,0.00022348771744873375,False,True,2.963503837585449,6497.25244140625,669.178955078125,6498.75146484375,6497.25,669.1817016601562,1.2431384325027466,0.0018943548202514648,26,4,0.0601947158575058,3.704286575317383,1.2431384325027466,38.537291407585144,-1,0.0601947158575058,3.704286575317383,-82.64547729492188,-7.504452705383301,-11.628477096557617,-82.64547729492188,0.002127693733200431,0.9992815852165222,0.0008023639093153179,1.496562596070561e-11,2.670491312528611e-06,0.0007633951026946306,False,True,3.0382044315338135,8589.8408203125,821.3626098632812,8590.9736328125,8589.8408203125,821.3629760742188,1.4235374927520752,0.0029451847076416016,26,4,0.3078981339931488,137.54896545410156,1.4235374927520752,41.28258728981018,-1,0.3078981339931488,137.54896545410156,-64.77320098876953,-10.511700630187988,-9.174407005310059,-64.77320098876953,0.001859187730588019,0.999265193939209,0.00051711848936975,4.056467162172339e-08,1.02196324291981e-07,0.0030840185936540365,False,True,2.5839362144470215,8127.828125,1219.8985595703125,8129.0263671875,8127.830078125,1219.9010009765625,1.2010812759399414,0.0008895397186279297,25,5,0.3177589178085327,133.50418090820312,1.2010812759399414,33.63027572631836,-1,0.3177589178085327,133.50418090820312,-158.9532470703125,-21.4438419342041,-13.031301498413086,-158.9532470703125,1.2146711014793254e-05,0.9984265565872192,1.4573236512660515e-05,7.30650956404233e-11,2.405354825896211e-05,0.0003408239863347262,True,True,2.8872570991516113,17061.509765625,1895.574951171875,17062.080078125,17061.509765625,1895.5799560546875,0.8030985593795776,8.20159912109375e-05,26,4,0.09469054639339447,25.090301513671875,0.8030985593795776,24.896055340766907,1,0.09469054639339447,25.090301513671875,-114.83055114746094,-5.398736953735352,-2.35382342338562,-93.706298828125,0.00014865734556224197,0.9963195323944092,0.0002037675294559449,0.025435920804739,0.0001699988206382841,0.0007043889490887523,False,True,1877.325195312754,2022.9753417969782,145.65014648422425,324920.0,23320805,390.03955078125,11.120387077331543,11.120387077331543,5.8678507804870605,9.875099182128906,8.960469245910645,8.960469245910645,4.879942893981934,9,True,1
2.442009210586548,18949.078125,3271.868896484375,18955.5078125,18949.080078125,3271.86767578125,0.6635990142822266,0.00015354156494140625,22,4,0.05803987383842468,12.448503494262695,0.6635990142822266,15.262777328491211,1,0.05803987383842468,12.448503494262695,77.54793548583984,-1.7580633163452148,-3.167637348175049,41.41066360473633,0.9999933242797852,5.509490392796579e-07,2.560847315180581e-05,6.394220264382966e-09,1.8950174762721872e-11,0.0003613349108491093,False,True,2.264449119567871,3130.143798828125,643.3745727539062,3133.253662109375,3130.14990234375,643.3753051757812,0.9675742983818054,0.004088997840881348,20,4,0.025164371356368065,0.4841347932815552,0.9675742983818054,17.416337370872498,-1,0.025164371356368065,0.4841347932815552,-12.578561782836914,-19.899333953857422,-10.439953804016113,-12.578561782836914,0.0007037042523734272,0.9997860789299011,0.00024103511532302946,1.7274810204526148e-07,1.2306783503390761e-07,0.007097562309354544,True,True,2.1723413467407227,4153.91650390625,934.1341552734375,4156.2607421875,4153.91015625,934.132080078125,1.5581080913543701,0.11018455028533936,21,4,0.12780766189098358,18.156648635864258,1.5581080913543701,32.72026991844177,-1,0.12780766189098358,18.156648635864258,-18.260467529296875,-11.477121353149414,-12.099949836730957,-18.260467529296875,0.001730996766127646,0.998886227607727,0.0004441456403583288,4.9658783751738156e-09,3.84033664886374e-05,0.046064794063568115,True,True,2.0296783447265625,7044.5966796875,1819.457275390625,7045.9794921875,7044.60009765625,1819.4571533203125,1.6531896591186523,0.027156174182891846,20,4,0.20386046171188354,66.37077331542969,1.6531896591186523,28.10422420501709,-1,0.20386046171188354,66.37077331542969,-57.61680603027344,-5.925616264343262,-12.431307792663574,-57.61680603027344,0.0011048224987462163,0.9993970990180969,0.0004729458305519074,7.278297964319336e-10,3.177252801833674e-05,0.008256315253674984,False,True,2.4377851486206055,6360.779296875,1102.8623046875,6362.310546875,6360.77978515625,1102.8653564453125,1.3348950147628784,0.024220764636993408,22,4,0.07274575531482697,8.926116943359375,1.3348950147628784,30.702585339546204,1,0.07274575531482697,8.926116943359375,-29.67491912841797,-8.666187286376953,-10.820296287536621,-29.67491912841797,0.0010582724353298545,0.9994330406188965,0.0007061954820528626,1.7137498531383244e-08,9.945868839622563e-08,0.010998312383890152,False,True,1861.294677734359,2006.5964355467413,145.30175781238222,972780.0,23323804,131.9561309814453,0.5338528156280518,0.5338528156280518,1.4433205127716064,0.5267043113708496,0.2937692701816559,0.2937692701816559,0.6452958583831787,10,True,1
2.633450984954834,8555.01171875,1222.60107421875,8569.244140625,8555.0107421875,1222.5960693359375,1.2255558967590332,0.005631744861602783,23,4,0.7789310216903687,706.7568359375,1.2255558967590332,30.63889741897583,1,0.7789310216903687,950.775146484375,28.582611083984375,-1.0889925956726074,-5.090420722961426,28.582611083984375,0.9771363139152527,0.007911700755357742,0.05769389867782593,3.2176018294194364e-07,3.9158734921329597e-07,0.03673801198601723,False,True,2.8268351554870605,4243.7373046875,500.66510009765625,4246.03173828125,4243.73974609375,500.6668701171875,1.4722888469696045,0.43313586711883545,20,0,0.40167224407196045,105.12411499023438,1.4722888469696045,33.8626434803009,-1,0.40167224407196045,105.12411499023438,-10.599201202392578,-6.168259620666504,-8.327256202697754,-10.599201202392578,0.0013068163534626365,0.9988861680030823,0.0011418263893574476,2.104458417306887e-06,2.638288788148202e-05,0.3002869784832001,False,True,3.3035409450531006,7994.52490234375,586.8035888671875,7995.7431640625,7994.5302734375,586.806884765625,1.4497299194335938,0.0793982744216919,25,4,1.0796664953231812,937.5306396484375,1.4497299194335938,42.04216766357422,-1,1.0796664953231812,937.5306396484375,-20.797035217285156,-7.377236843109131,-11.732638359069824,-20.797035217285156,0.00105005269870162,0.9994949698448181,0.00034390573273412883,3.190689312759787e-08,9.322591267846292e-07,0.03846762329339981,False,True,2.7841975688934326,15498.8916015625,1907.679443359375,15499.51953125,15498.890625,1907.6756591796875,1.3233871459960938,0.004602789878845215,24,4,0.5718468427658081,955.6199951171875,1.3233871459960938,35.73145294189453,-1,0.5718468427658081,955.6199951171875,-48.88751983642578,-2.9725635051727295,-4.729440689086914,-35.95337677001953,0.001517601078376174,0.9953357577323914,0.0016973955789580941,5.901691838516854e-05,3.31210540025495e-05,0.0027410013135522604,False,True,2.874732494354248,21539.48046875,2423.036865234375,21539.93359375,21539.48046875,2423.03564453125,1.3029910326004028,0.006440699100494385,24,3,0.3174002170562744,380.28179931640625,1.3029910326004028,36.48374891281128,1,0.3174002170562744,405.626708984375,-118.09806823730469,-0.7160326838493347,-9.013738632202148,-109.1796646118164,0.00012551916006486863,0.9965195655822754,1.9669654648168944e-05,5.600382380066549e-09,0.0002783390518743545,0.0020610145293176174,False,True,1867.5300292969866,2013.0524902342418,145.52246093725512,930842.0,23323610,5645.578125,735.0790405273438,625.3551635742188,4.950784206390381,954.7511596679688,804.6514282226562,680.1923217773438,0.006330527830868959,12,True,1
2.3399763107299805,9702.7900390625,1852.112060546875,9715.3408203125,9702.7900390625,1852.1134033203125,1.1140846014022827,0.0026628971099853516,23,4,0.10703182220458984,22.5661563873291,1.1140846014022827,27.852115035057068,1,0.10703182220458984,22.5661563873291,39.26749038696289,-8.744497299194336,-6.25536584854126,41.105621337890625,0.9311888217926025,0.0003712102770805359,0.21927766501903534,2.9436741044719383e-08,2.3875239563153627e-09,0.028394708409905434,False,True,2.4790964126586914,2990.3544921875,497.7967834472656,2993.60986328125,2990.360107421875,497.7939758300781,0.858394980430603,0.004075884819030762,24,4,0.10739128291606903,4.759815692901611,0.858394980430603,22.31826949119568,-1,0.10739128291606903,4.759815692901611,-5.915010452270508,-6.995704650878906,-6.718151569366455,-5.915010452270508,0.005314941052347422,0.9979677796363831,0.002342700259760022,2.6767238523461856e-05,3.815344825852662e-05,0.006529646459966898,False,False,2.5186500549316406,11891.083984375,1903.6885986328125,11891.90234375,11891.080078125,1903.6917724609375,0.8857277631759644,0.0001289844512939453,26,4,0.2025071382522583,106.60144805908203,0.8857277631759644,27.457560658454895,-1,0.2025071382522583,106.60144805908203,-101.20518493652344,-2.3343029022216797,-11.308300971984863,-82.72227478027344,0.0002141000295523554,0.9979004263877869,0.0008594418759457767,5.321994234197547e-11,2.6471561795915477e-05,0.0005262386985123158,False,True,2.557410955429077,6388.89111328125,984.3845825195312,6390.41552734375,6388.8896484375,984.3809814453125,1.1788585186004639,0.003970503807067871,23,4,0.28168800473213196,92.51668548583984,1.1788585186004639,29.471462965011597,-1,0.28168800473213196,92.51668548583984,-23.877166748046875,-6.7806806564331055,-12.665266036987305,-23.877166748046875,0.0008823875687085092,0.9995697736740112,0.0007260974962264299,5.070246444915938e-09,1.4309318885352695e-06,0.005237470846623182,False,True,3.023916482925415,4163.337890625,403.797119140625,4165.6767578125,4163.330078125,403.7935485839844,1.4470752477645874,0.007081329822540283,25,4,0.3440387547016144,46.20368957519531,1.4470752477645874,41.965182185173035,1,0.3440387547016144,46.20368957519531,-5.558551788330078,-10.515748023986816,-6.090274810791016,-5.558551788330078,0.004235024563968182,0.9988093376159668,0.0006154619622975588,4.8493344365851954e-05,4.8309289013559464e-08,0.010969260707497597,False,True,1869.5015869140584,2015.5321044921839,146.03051757812545,930902.0,23323610,355.97442626953125,4.165156841278076,4.165156841278076,8.035223007202148,4.994300842285156,2.6017134189605713,2.6017134189605713,7.111423969268799,17,True,1
3.987156391143799,36637.30078125,1358.8582763671875,36640.625,36637.3046875,1358.8533935546875,1.5960897207260132,0.0036367177963256836,26,4,0.2217525690793991,101.30314636230469,1.5960897207260132,49.47878134250641,-1,0.2217525690793991,101.30314636230469,44.65370178222656,-0.9985219836235046,-6.3697357177734375,8.448375701904297,0.9999776482582092,7.27880178601481e-05,8.246143806900363e-06,8.818490826456582e-09,1.2678396110743506e-09,0.009043990634381771,False,True,4.2691755294799805,8134.09423828125,227.57911682128906,8135.29150390625,8134.08984375,227.58004760742188,1.7255127429962158,0.33740758895874023,21,4,0.10700944066047668,1.3118579387664795,1.7255127429962158,32.7847421169281,1,0.10700944066047668,1.3118579387664795,-0.33962249755859375,-6.370706558227539,-11.265217781066895,-0.33962249755859375,0.008770889602601528,0.9918676614761353,0.0013078154297545552,8.543894480794734e-09,1.1316006975903292e-06,0.2504596412181854,False,True,3.9352166652679443,19943.234375,779.1077880859375,19943.72265625,19943.23046875,779.1046752929688,1.6678497791290283,0.013213932514190674,25,4,0.20483647286891937,45.48075485229492,1.6678497791290283,45.031944036483765,1,0.20483647286891937,45.48075485229492,-22.10443687438965,5.898715019226074,-5.933834075927734,-4.62962532043457,0.001998268999159336,0.9945440888404846,0.002436530776321888,3.93347448834902e-07,0.10031440109014511,0.015669113025069237,False,True,4.716774940490723,34242.73828125,612.4248657226562,34243.01953125,34242.73828125,612.4290771484375,0.6945910453796387,0.001437067985534668,22,4,0.1990324705839157,31.538516998291016,0.6945910453796387,15.97559404373169,1,0.1990324705839157,31.538516998291016,-15.804086685180664,-1.2987828254699707,-6.053767681121826,-7.666389465332031,0.0034613199532032013,0.9987593293190002,0.011288303881883621,1.5403433053506888e-06,0.0013567858841270208,0.002685136627405882,False,True,4.5035481452941895,24215.814453125,536.0589599609375,24216.216796875,24215.80859375,536.0614013671875,0.7751778960227966,0.0027657747268676758,24,5,0.10015314072370529,7.781295299530029,0.7751778960227966,18.60426950454712,-1,0.10015314072370529,7.781295299530029,-30.547985076904297,-2.935048818588257,-1.545223593711853,-26.405447006225586,0.0024175618309527636,0.9927418231964111,0.005831435322761536,0.007476694881916046,0.002782484283670783,0.004042671527713537,False,True,1877.7757568360287,2023.1979980465067,145.42224121047798,1897578.0,23328086,209.7012481689453,3.7180137634277344,3.7180137634277344,6.913887023925781,4.422359466552734,4.248333930969238,4.248333930969238,0.6359513998031616,18,True,1
3.9182918071746826,20694.322265625,822.2523803710938,20700.208984375,20694.3203125,822.2537841796875,2.2513647079467773,0.07973670959472656,26,4,0.08519717305898666,8.638205528259277,2.2513647079467773,69.7923059463501,-1,0.08519717305898666,8.638205528259277,37.866729736328125,-8.960184097290039,-0.12217766046524048,25.72039794921875,0.9951852560043335,0.0029814846348017454,0.0009748396114446223,0.0013574660988524556,4.2520041461102664e-06,0.19142258167266846,True,True,4.205827713012695,3735.52001953125,111.34817504882812,3738.12646484375,3735.52001953125,111.34876251220703,0.9775712490081787,0.2843831181526184,18,3,0.14046768844127655,0.8629679083824158,0.9775712490081787,14.66356873512268,1,0.14046768844127655,0.8629679083824158,-0.316375732421875,-4.938802719116211,1.8102705478668213,-0.316375732421875,0.005254710093140602,0.8605156540870667,0.002119111828505993,0.8360572457313538,0.00012927861826028675,0.41673749685287476,False,True,3.6867568492889404,13551.75,678.5699462890625,13552.4677734375,13551.75,678.5753173828125,1.1595453023910522,0.002853095531463623,28,4,0.1049441397190094,8.514817237854004,1.1595453023910522,37.10544967651367,1,0.1049441397190094,8.514817237854004,17.243515014648438,1.2794203758239746,-3.6114158630371094,19.320663452148438,0.7435778379440308,0.16189424693584442,0.3362374007701874,0.018306775018572807,2.5953619115171023e-05,0.06522653251886368,False,True,4.150790214538574,34883.453125,1098.67236328125,34883.734375,34883.45703125,1098.66796875,1.4084184169769287,0.00345003604888916,26,5,0.06287511438131332,5.0028862953186035,1.4084184169769287,38.027297258377075,1,0.06287511438131332,5.0650129318237305,2.7948131561279297,-3.4497227668762207,-5.733394622802734,22.8419246673584,0.01522933691740036,0.1246950551867485,0.9759765863418579,0.0001249459310201928,6.816349196014926e-05,0.03387555852532387,False,True,3.669484853744507,6165.10498046875,314.0696105957031,6166.6845703125,6165.10009765625,314.06884765625,1.6465063095092773,0.10607552528381348,27,4,0.27147769927978516,16.85264778137207,1.6465063095092773,54.33470821380615,-1,0.27147769927978516,16.85264778137207,-11.806880950927734,-1.956249475479126,-6.83305549621582,-11.806880950927734,0.0032285633496940136,0.9970397353172302,0.001620544702745974,1.1665286365314387e-05,0.002710613189265132,0.09016750752925873,False,True,1907.8623046872501,2058.3745117184603,150.5122070312102,25936477822.0,308398,53.721309661865234,3.2286837100982666,3.2286837100982666,16.739654541015625,3.7642364501953125,4.010334014892578,4.010334014892578,0.006848645396530628,20011957,False,0
4.092290878295898,9687.181640625,323.4507141113281,9699.7529296875,9687.1796875,323.4457092285156,1.5794788599014282,0.0852237343788147,24,3,0.26561468839645386,14.987168312072754,1.5794788599014282,42.64592921733856,-1,0.26561468839645386,14.987168312072754,15.561376571655273,3.036534309387207,-3.0584378242492676,15.620391845703125,0.4883124530315399,0.8502017259597778,0.047943949699401855,0.006192185916006565,0.000199540751054883,0.38244953751564026,False,True,4.659770965576172,6175.626953125,116.93199157714844,6177.2041015625,6175.6298828125,116.92811584472656,1.3218936920166016,0.1878044605255127,22,3,0.1322980523109436,1.4023447036743164,1.3218936920166016,31.725448608398438,1,0.1322980523109436,1.4079190492630005,0.0,-1.902701497077942,2.8222928047180176,0.0,0.017372360453009605,0.8893994688987732,0.004054248332977295,0.2880455553531647,0.00026598008116707206,0.4567421078681946,False,True,4.143249034881592,30444.8046875,966.1182250976562,30445.123046875,30444.798828125,966.1223754882812,1.5601626634597778,0.0051364898681640625,27,4,0.07016302645206451,6.906759738922119,1.5601626634597778,51.48536789417267,1,0.07016302645206451,6.906759738922119,-19.234554290771484,1.5871440172195435,-4.375466823577881,-11.566327095031738,0.011388839222490788,0.9885845184326172,0.002335216384381056,0.00035859306808561087,0.021527988836169243,0.006220894865691662,False,True,4.790833473205566,26212.1953125,435.3460998535156,26212.56640625,26212.189453125,435.34832763671875,1.651751160621643,0.018912017345428467,21,3,0.30745700001716614,45.4215202331543,1.651751160621643,34.686774373054504,1,0.30745700001716614,45.4215202331543,2.513589859008789,-1.9762401580810547,-3.025087356567383,2.9521560668945312,0.11062111705541611,0.9417460560798645,0.031962428241968155,0.0018065100302919745,0.0006280663073994219,0.05427708849310875,False,True,4.303872108459473,29472.74609375,796.493896484375,29473.07421875,29472.73828125,796.490966796875,1.8535879850387573,0.04763442277908325,23,4,0.145844966173172,17.154285430908203,1.8535879850387573,40.77893567085266,-1,0.145844966173172,17.154285430908203,-11.40085220336914,-2.6247708797454834,-6.943307876586914,-2.54766845703125,0.010658366605639458,0.9924440383911133,0.00489711482077837,3.439165993768256e-06,0.0012803393183276057,0.07742183655500412,False,True,1811.7462158205715,1964.223510741759,152.47729492118742,51680655546.0,308398,159.29779052734375,30.11769676208496,30.11769676208496,6.116724967956543,27.425384521484375,27.539216995239258,27.539216995239258,1.227898120880127,20011958,False,0
4.4960832595825195,14493.634765625,323.24517822265625,14502.0400390625,14493.6396484375,323.2431335449219,1.0629239082336426,0.09138906002044678,21,4,0.20897869765758514,19.08741569519043,1.0629239082336426,22.321402072906494,1,0.20897869765758514,19.08741569519043,10.194347381591797,-7.104120254516602,-0.8174603581428528,10.194347381591797,0.43411606550216675,0.8299206495285034,0.04418766498565674,0.12265944480895996,1.668940058152657e-05,0.3746783137321472,False,True,4.133475303649902,3325.617919921875,106.56736755371094,3328.54541015625,3325.610107421875,106.57093048095703,1.6516931056976318,0.403054416179657,24,4,0.10755252838134766,0.5897995829582214,1.6516931056976318,44.59571385383606,-1,0.10755252838134766,0.5897995829582214,-0.3468303680419922,-5.5741777420043945,-7.3094282150268555,-0.3468303680419922,0.010625054128468037,0.9898346066474915,0.00202153786085546,1.4420131719816709e-06,2.676301846804563e-07,0.4620668590068817,False,True,3.609403610229492,20823.1171875,1126.3482666015625,20823.58203125,20823.12109375,1126.3492431640625,1.44716215133667,0.0020377039909362793,26,3,0.0659920871257782,5.51802921295166,1.44716215133667,41.96770238876343,-1,0.0659920871257782,5.51802921295166,-20.775074005126953,2.169541358947754,-1.2536144256591797,-17.39720916748047,0.00759551115334034,0.8400530815124512,0.005323678255081177,0.08466939628124237,0.5390454530715942,0.01483682170510292,False,False,3.5033886432647705,6049.82763671875,363.7889709472656,6051.4375,6049.81982421875,363.7869873046875,1.2395310401916504,0.01054072380065918,25,4,0.15456455945968628,10.055709838867188,1.2395310401916504,34.70686912536621,-1,0.15456455945968628,10.055709838867188,4.7384490966796875,-3.8717076778411865,-6.712182521820068,4.7384490966796875,0.05098244920372963,0.9708595871925354,0.025815676897764206,1.2538343980850186e-06,0.00021543267939705402,0.04528733715415001,False,True,3.4275832176208496,11904.4541015625,772.094970703125,11905.2724609375,11904.4501953125,772.0965576171875,1.6669467687606812,0.5341000556945801,20,0,0.2890164256095886,87.18960571289062,1.6669467687606812,35.005882143974304,1,0.2890164256095886,87.18960571289062,-22.617080688476562,-7.224305629730225,-7.011717796325684,-17.690528869628906,0.0021662376821041107,0.9984521269798279,0.0019844993948936462,0.00010752910020528361,1.3255520343591343e-06,0.6617909073829651,False,True,1820.284179687369,1968.699462890731,148.41528320336192,52609104930.0,308398,128.62939453125,5.692625999450684,5.692625999450684,6.921227931976318,10.477638244628906,8.300758361816406,8.300758361816406,0.08004608750343323,20011962,False,0
4.029095649719238,22757.69921875,809.4027709960938,22763.052734375,22757.701171875,809.3989868164062,1.1168367862701416,0.004999697208404541,23,4,0.06824129819869995,5.766384601593018,1.1168367862701416,29.03775644302368,1,0.06824129819869995,5.766384601593018,10.365055084228516,-0.5731798410415649,-6.375732421875,14.131704330444336,0.36156409978866577,0.6415599584579468,0.7538124322891235,8.661179862201607e-08,1.3072021829430014e-05,0.051462553441524506,False,True,3.527092456817627,4160.41015625,244.3189697265625,4162.75048828125,4160.41015625,244.3202362060547,2.092243194580078,0.2636377811431885,26,4,0.17445261776447296,6.74111795425415,2.092243194580078,60.675052642822266,-1,0.17445261776447296,6.74111795425415,0.5423240661621094,-3.53666090965271,-6.027790069580078,0.5423240661621094,0.022419892251491547,0.9860818386077881,0.0018036965047940612,9.272950592276175e-06,0.00010460043995408341,0.40642571449279785,False,True,3.5509464740753174,9815.9013671875,562.8630981445312,9816.8935546875,9815.900390625,562.8646850585938,1.4312573671340942,0.015785276889801025,24,4,0.09435971826314926,5.510797500610352,1.4312573671340942,35.781434178352356,-1,0.09435971826314926,5.510797500610352,-16.78973388671875,-6.152137756347656,-10.52592658996582,-15.506690979003906,0.0013151444727554917,0.9995405673980713,0.00045363703975453973,1.4108781698496387e-08,1.1422143870731816e-05,0.011795257218182087,False,True,3.3399271965026855,5357.6982421875,379.2372131347656,5359.5166015625,5357.69970703125,379.23626708984375,1.9070903062820435,0.11102312803268433,22,3,0.2408585101366043,18.6787052154541,1.9070903062820435,49.58434796333313,-1,0.2408585101366043,18.6787052154541,14.390071868896484,3.6971590518951416,5.981838703155518,14.390071868896484,0.0023021860979497433,0.0005715346778742969,6.769441824872047e-05,0.9957886934280396,3.7616948247887194e-05,0.4406251311302185,False,True,3.441237211227417,53134.0390625,3399.59912109375,53134.21875,53134.03125,3399.603515625,0.9369357228279114,0.0005698204040527344,24,3,0.20418581366539001,231.9609832763672,0.9369357228279114,26.23420023918152,1,0.20418581366539001,231.9609832763672,-16.237409591674805,-1.7940409183502197,-6.9892964363098145,-22.74051284790039,0.014346097595989704,0.9966930150985718,0.007537415251135826,1.1351529792591464e-05,0.007687203586101532,0.0034044631756842136,False,True,1910.2281494139027,2065.172607421745,154.9444580078423,7405433009.0,308398,307.24420166015625,72.58191680908203,72.58191680908203,13.045825004577637,23.96435546875,33.17889404296875,33.17889404296875,0.719640851020813,20011970,False,0
3.441237211227417,53134.0390625,3399.59912109375,53136.33203125,53134.03125,3399.603515625,0.9369357228279114,0.0005698204040527344,24,3,0.20418581366539001,231.9609832763672,0.9369357228279114,26.23420023918152,1,0.20418581366539001,231.9609832763672,-16.237409591674805,-1.7940409183502197,-6.9892964363098145,-22.74051284790039,0.014346097595989704,0.9966930150985718,0.007537415251135826,1.1351529792591464e-05,0.007687203586101532,0.0034044631756842136,False,True,3.5586907863616943,4117.39111328125,234.2808837890625,4119.755859375,4117.39013671875,234.2760009765625,2.1926140785217285,0.3597347140312195,25,4,0.0351504310965538,0.22493807971477509,2.1926140785217285,61.3931941986084,-1,0.0351504310965538,0.22493807971477509,4.540538787841797,1.3668529987335205,-6.937441349029541,4.540538787841797,0.0454784631729126,0.9476982951164246,0.004977457225322723,1.1583715604501776e-06,0.00020196608966216445,0.6391435861587524,False,True,3.8745739459991455,6047.7021484375,251.0278778076172,6049.3125,6047.7001953125,251.02496337890625,1.6481125354766846,0.10368871688842773,25,3,0.5029796957969666,57.627113342285156,1.6481125354766846,44.49903845787048,-1,0.5029796957969666,57.627113342285156,0.7540178298950195,-18.03156852722168,-2.9376790523529053,0.7540178298950195,0.03632388263940811,0.9887449145317078,0.001501699909567833,0.03503227233886719,7.411649130517617e-05,0.21562106907367706,True,True,3.3399271965026855,5357.6982421875,379.2372131347656,5359.5166015625,5357.69970703125,379.23626708984375,1.9070903062820435,0.11102312803268433,22,3,0.2408585101366043,18.6787052154541,1.9070903062820435,49.58434796333313,-1,0.2408585101366043,18.6787052154541,14.390071868896484,3.6971590518951416,5.981838703155518,14.390071868896484,0.0023021860979497433,0.0005715346778742969,6.769441824872047e-05,0.9957886934280396,3.7616948247887194e-05,0.4406251311302185,False,True,4.029095649719238,22757.69921875,809.4027709960938,22758.126953125,22757.701171875,809.3989868164062,1.1168367862701416,0.004999697208404541,23,4,0.06824129819869995,5.766384601593018,1.1168367862701416,29.03775644302368,1,0.06824129819869995,5.766384601593018,10.365055084228516,-0.5731798410415649,-6.375732421875,14.131704330444336,0.36156409978866577,0.6415599584579468,0.7538124322891235,8.661179862201607e-08,1.3072021829430014e-05,0.051462553441524506,False,True,1860.3847656247437,2015.0386962887926,154.65393066404886,7405433009.0,308398,359.0359802246094,61.33622741699219,61.33622741699219,24.4498291015625,54.7470703125,62.89599609375,62.89599609375,0.1557004153728485,20011971,False,0
3.441237211227417,53134.0390625,3399.59912109375,53136.33203125,53134.03125,3399.603515625,0.9369357228279114,0.0005698204040527344,24,3,0.20418581366539001,231.9609832763672,0.9369357228279114,26.23420023918152,1,0.20418581366539001,231.9609832763672,-16.237409591674805,-1.7940409183502197,-6.9892964363098145,-22.74051284790039,0.014346097595989704,0.9966930150985718,0.007537415251135826,1.1351529792591464e-05,0.007687203586101532,0.0034044631756842136,False,True,3.5509464740753174,9815.9013671875,562.8630981445312,9816.8935546875,9815.900390625,562.8646850585938,1.4312573671340942,0.015785276889801025,24,4,0.09435971826314926,5.510797500610352,1.4312573671340942,35.781434178352356,-1,0.09435971826314926,5.510797500610352,-16.78973388671875,-6.152137756347656,-10.52592658996582,-15.506690979003906,0.0013151444727554917,0.9995405673980713,0.00045363703975453973,1.4108781698496387e-08,1.1422143870731816e-05,0.011795257218182087,False,True,3.8745739459991455,6047.7021484375,251.0278778076172,6049.3125,6047.7001953125,251.02496337890625,1.6481125354766846,0.10368871688842773,25,3,0.5029796957969666,57.627113342285156,1.6481125354766846,44.49903845787048,-1,0.5029796957969666,57.627113342285156,0.7540178298950195,-18.03156852722168,-2.9376790523529053,0.7540178298950195,0.03632388263940811,0.9887449145317078,0.001501699909567833,0.03503227233886719,7.411649130517617e-05,0.21562106907367706,True,True,3.3399271965026855,5357.6982421875,379.2372131347656,5359.5166015625,5357.69970703125,379.23626708984375,1.9070903062820435,0.11102312803268433,22,3,0.2408585101366043,18.6787052154541,1.9070903062820435,49.58434796333313,-1,0.2408585101366043,18.6787052154541,14.390071868896484,3.6971590518951416,5.981838703155518,14.390071868896484,0.0023021860979497433,0.0005715346778742969,6.769441824872047e-05,0.9957886934280396,3.7616948247887194e-05,0.4406251311302185,False,True,4.029095649719238,22757.69921875,809.4027709960938,22758.126953125,22757.701171875,809.3989868164062,1.1168367862701416,0.004999697208404541,23,4,0.06824129819869995,5.766384601593018,1.1168367862701416,29.03775644302368,1,0.06824129819869995,5.766384601593018,10.365055084228516,-0.5731798410415649,-6.375732421875,14.131704330444336,0.36156409978866577,0.6415599584579468,0.7538124322891235,8.661179862201607e-08,1.3072021829430014e-05,0.051462553441524506,False,True,1860.3847656247437,2013.40625,153.02148437525625,7405433009.0,308398,359.0359802246094,61.33622741699219,61.33622741699219,24.4498291015625,60.62516784667969,61.82832336425781,61.82832336425781,1.9384719133377075,20011972,False,0
3.524580955505371,37689.9453125,2218.887451171875,37693.17578125,37689.9375,2218.8916015625,1.143509864807129,0.00010967254638671875,28,4,0.15234006941318512,78.7202377319336,1.143509864807129,40.02284526824951,1,0.15234006941318512,78.7202377319336,-14.454307556152344,-1.4941396713256836,-3.5302653312683105,-13.524791717529297,0.010980621911585331,0.972183346748352,0.005755397491157055,0.0003673523024190217,0.0033714999444782734,0.005071273073554039,False,True,3.6485445499420166,8723.4501953125,453.7877197265625,8724.5673828125,8723.4501953125,453.7904357910156,1.3839280605316162,0.011115729808807373,26,3,0.07430954277515411,3.2686076164245605,1.3839280605316162,45.669625997543335,-1,0.07430954277515411,3.2686076164245605,18.431129455566406,-3.980384588241577,-7.811526775360107,18.431129455566406,0.7328545451164246,0.6033533215522766,0.06065433844923973,2.4983926039112703e-09,1.845889346441254e-05,0.10364863276481628,False,True,3.863476276397705,24357.203125,1022.30224609375,24357.603515625,24357.208984375,1022.3060302734375,1.6188100576400757,0.001737833023071289,29,4,0.2062266618013382,68.57225799560547,1.6188100576400757,61.514782190322876,-1,0.2062266618013382,68.57225799560547,-12.477831840515137,1.3969541788101196,-4.4087347984313965,-2.2529401779174805,0.009763338603079319,0.9755814075469971,0.00653615640476346,0.04732513427734375,0.00047869543777778745,0.009471343830227852,False,True,3.4270691871643066,5260.36669921875,341.3526611328125,5262.21826171875,5260.3701171875,341.3504943847656,1.125717282295227,0.006571769714355469,23,4,0.26986223459243774,5.777198314666748,1.125717282295227,28.142932057380676,-1,0.26986223459243774,5.777198314666748,8.789958953857422,3.795689582824707,5.73038387298584,8.789958953857422,0.0013790582306683064,0.00205187126994133,0.0003955847641918808,0.9979856014251709,0.00047589323366992176,0.13960324227809906,False,True,3.2555572986602783,13688.08984375,1053.9930419921875,13688.80078125,13688.0908203125,1053.9891357421875,1.2229766845703125,0.00489652156829834,26,3,0.23011991381645203,83.44328308105469,1.2229766845703125,37.91227722167969,1,0.23011991381645203,83.44328308105469,25.708633422851562,-3.772033929824829,-4.848999500274658,26.542465209960938,0.9393368363380432,0.09373383969068527,0.1084737628698349,4.963033006788464e-06,2.9639659260283224e-07,0.049809232354164124,False,True,1851.7021484372424,2003.8526611329874,152.15051269574496,9128030225.0,308398,258.0342712402344,4.756710529327393,4.756710529327393,26.87864875793457,9.720158576965332,2.5577549934387207,2.5577549934387207,0.8520885705947876,20011981,False,0
3.524580955505371,37689.9453125,2218.887451171875,37693.17578125,37689.9375,2218.8916015625,1.143509864807129,0.00010967254638671875,28,4,0.15234006941318512,78.7202377319336,1.143509864807129,40.02284526824951,1,0.15234006941318512,78.7202377319336,-14.454307556152344,-1.4941396713256836,-3.5302653312683105,-13.524791717529297,0.010980621911585331,0.972183346748352,0.005755397491157055,0.0003673523024190217,0.0033714999444782734,0.005071273073554039,False,True,3.6638641357421875,8709.8369140625,446.20550537109375,8710.955078125,8709.8408203125,446.20159912109375,1.4838775396347046,0.6004533171653748,24,0,0.07598407566547394,3.5776734352111816,1.4838775396347046,44.51632618904114,-1,0.07598407566547394,3.5776734352111816,26.053268432617188,4.694357872009277,-6.793926239013672,26.053268432617188,0.49524590373039246,0.5453503727912903,0.03335142135620117,5.849907225297102e-09,1.3673705325345509e-05,0.9229947328567505,False,True,3.863476276397705,24357.203125,1022.30224609375,24357.603515625,24357.208984375,1022.3060302734375,1.6188100576400757,0.001737833023071289,29,4,0.2062266618013382,68.57225799560547,1.6188100576400757,61.514782190322876,-1,0.2062266618013382,68.57225799560547,-12.477831840515137,1.3969541788101196,-4.4087347984313965,-2.2529401779174805,0.009763338603079319,0.9755814075469971,0.00653615640476346,0.04732513427734375,0.00047869543777778745,0.009471343830227852,False,True,3.4270691871643066,5260.36669921875,341.3526611328125,5262.21826171875,5260.3701171875,341.3504943847656,1.125717282295227,0.006571769714355469,23,4,0.26986223459243774,5.777198314666748,1.125717282295227,28.142932057380676,-1,0.26986223459243774,5.777198314666748,8.789958953857422,3.795689582824707,5.73038387298584,8.789958953857422,0.0013790582306683064,0.00205187126994133,0.0003955847641918808,0.9979856014251709,0.00047589323366992176,0.13960324227809906,False,True,3.2555572986602783,13688.08984375,1053.9930419921875,13688.80078125,13688.0908203125,1053.9891357421875,1.2229766845703125,0.00489652156829834,26,3,0.23011991381645203,83.44328308105469,1.2229766845703125,37.91227722167969,1,0.23011991381645203,83.44328308105469,25.708633422851562,-3.772033929824829,-4.848999500274658,26.542465209960938,0.9393368363380432,0.09373383969068527,0.1084737628698349,4.963033006788464e-06,2.9639659260283224e-07,0.049809232354164124,False,True,1851.7021484372424,2002.3718261719791,150.66967773473675,9128030225.0,308398,258.0342712402344,4.756710529327393,4.756710529327393,26.87864875793457,478.8544921875,70.3125,70.3125,2.7642107009887695,20011982,False,0
3.604910135269165,27279.849609375,1482.241943359375,27284.314453125,27279.849609375,1482.241943359375,0.7059308886528015,0.00020140409469604492,28,3,0.06332947313785553,8.27025032043457,0.7059308886528015,25.413511991500854,-1,0.06332947313785553,8.27025032043457,-25.10287094116211,2.6794075965881348,-0.5114520788192749,-11.69914722442627,0.002398412674665451,0.4693874418735504,0.007779915351420641,0.3565260171890259,0.40235427021980286,0.002826839219778776,False,False,3.6139004230499268,5189.34912109375,279.4430236816406,5191.22607421875,5189.35009765625,279.4472351074219,1.2947460412979126,0.03639626502990723,28,4,0.164412260055542,6.228976249694824,1.2947460412979126,44.02136540412903,1,0.164412260055542,6.228976249694824,-2.4700965881347656,-8.424647331237793,-1.5310838222503662,-2.4700965881347656,0.007807800080627203,0.9838553071022034,0.0013119863579049706,0.007546515669673681,4.511865336098708e-05,0.06577227264642715,False,True,3.6681270599365234,8742.7724609375,445.9872131347656,8743.88671875,8742.76953125,445.9883117675781,1.4101591110229492,0.056822776794433594,25,4,0.18664361536502838,23.612852096557617,1.4101591110229492,42.30477333068848,1,0.18664361536502838,23.612852096557617,-1.5233726501464844,-8.64745807647705,-3.485135316848755,-1.5233726501464844,0.00905598420649767,0.9971452951431274,0.0019358377903699875,0.0007566016283817589,1.8596735174014611e-07,0.07600001990795135,False,True,4.085719108581543,9405.7548828125,316.1233215332031,9406.7890625,9405.7607421875,316.1279296875,1.6229207515716553,0.06869524717330933,24,3,0.32826849818229675,23.186046600341797,1.6229207515716553,45.44178104400635,1,0.32826849818229675,23.186046600341797,18.290706634521484,4.378917217254639,-4.521574020385742,17.574113845825195,0.45590317249298096,0.8433424234390259,0.02171340212225914,0.0010492169531062245,0.0041704620234668255,0.2540070116519928,False,True,3.602917432785034,10808.9814453125,588.468994140625,10809.8818359375,10808.9794921875,588.4661865234375,0.9387946724891663,0.0007963180541992188,27,4,0.23460717499256134,47.89175796508789,0.9387946724891663,31.919018864631653,-1,0.23460717499256134,47.89175796508789,-24.39771270751953,-18.487991333007812,-6.805844306945801,-25.98841094970703,0.0010647897142916918,0.9990183115005493,0.00021433229267131537,7.431386165990261e-06,0.0002042708802036941,0.005505755078047514,True,True,1857.4208984375,2010.8544921875,153.43359375,10819343484.0,308398,87.3368911743164,22.00771713256836,22.00771713256836,20.951213836669922,25.499162673950195,22.268653869628906,22.268653869628906,3.700056314468384,20011985,False,0
3.604910135269165,27279.849609375,1482.241943359375,27284.314453125,27279.849609375,1482.241943359375,0.7059308886528015,0.00020140409469604492,28,3,0.06332947313785553,8.27025032043457,0.7059308886528015,25.413511991500854,-1,0.06332947313785553,8.27025032043457,-25.10287094116211,2.6794075965881348,-0.5114520788192749,-11.69914722442627,0.002398412674665451,0.4693874418735504,0.007779915351420641,0.3565260171890259,0.40235427021980286,0.002826839219778776,False,False,4.076090335845947,5340.93603515625,181.2408447265625,5342.75927734375,5340.9296875,181.23696899414062,1.4505951404571533,0.0281827449798584,22,3,0.09584600478410721,0.8582268953323364,1.4505951404571533,36.26487851142883,1,0.09584600478410721,0.8582268953323364,0.6268768310546875,-3.089285135269165,-7.382116794586182,0.6268768310546875,0.03156884387135506,0.9912672638893127,0.003266222309321165,3.1316068316300516e-07,5.313415840646485e-06,0.05395377054810524,False,True,3.6139004230499268,5189.34912109375,279.4430236816406,5191.22607421875,5189.35009765625,279.4472351074219,1.2947460412979126,0.03639626502990723,28,4,0.164412260055542,6.228976249694824,1.2947460412979126,44.02136540412903,1,0.164412260055542,6.228976249694824,-2.4700965881347656,-8.424647331237793,-1.5310838222503662,-2.4700965881347656,0.007807800080627203,0.9838553071022034,0.0013119863579049706,0.007546515669673681,4.511865336098708e-05,0.06577227264642715,False,True,4.085719108581543,9405.7548828125,316.1233215332031,9406.7890625,9405.7607421875,316.1279296875,1.6229207515716553,0.06869524717330933,24,3,0.32826849818229675,23.186046600341797,1.6229207515716553,45.44178104400635,1,0.32826849818229675,23.186046600341797,18.290706634521484,4.378917217254639,-4.521574020385742,17.574113845825195,0.45590317249298096,0.8433424234390259,0.02171340212225914,0.0010492169531062245,0.0041704620234668255,0.2540070116519928,False,True,3.4485621452331543,10124.1220703125,643.043701171875,10125.083984375,10124.1201171875,643.0455322265625,1.3316359519958496,0.004243075847625732,26,4,0.2170320451259613,37.32147979736328,1.3316359519958496,41.28071451187134,-1,0.2170320451259613,37.32147979736328,14.533950805664062,-17.46014976501465,-6.835594654083252,13.688189506530762,0.7440472841262817,0.332724392414093,0.04341741278767586,1.1601613891798479e-08,0.0002589756913948804,0.04874499514698982,True,True,1807.283691406184,1959.5388183593598,152.2551269531757,10819343484.0,308398,71.83493041992188,8.037405967712402,8.037405967712402,8.958122253417969,8.014684677124023,8.133662223815918,8.133662223815918,0.028134804219007492,20011987,False,0
